,en,zh,pinyin,jyutping,pharmaceutical,med_group,source,meridian,action
0,Abalone Shell,石決明,shíjuémíng,sek6 kyut3 ming4 ,Haliotidis Concha,Liver-pacifying and wind-extinguishing medicinal,"Shell of Haliotis diversicolor Reeve, Holiotis discus hannai Ino, Haliotis ovina Gmelin, Haliotis ruber (Leach), Haliotis asinina Linnaeus or Haliotis laevigata (Donovan) (Fam. Haliotidae)",salty; cold,Liver
1,Akebia Fruit,預知子,yùzhīzǐ,jyu6 zi1 zi2 ,Akebiae Fructus,Qi-regulating medicinal,"Dried nearly ripe fruit of Akebia quinata (Thunb.) Decne., Akebia trifoliata (Thunb.) Koidz., Akebia trifoliata (Thunb.) Koidz. var. australis (Diels) Rehd. (Fam. Lardizabalaceae)",bitter; cold,"Liver, Gallbladder, Stomach"
2,Akebia Stem,木通,mùtōng,muk6 tung1 ,Akebiae Caulis,Strangury-relieving diuretic medicinal,"Dried stem of Akebia quinata (Thunb.) Decne., Akebia trifoliata (Thunb.) Koidz, Akebia trifoliata (Thunb.)Koidz. var. australis (Diels)Rehd. (Fam. Lardizabalaceae)",bitter; slightly cold,"Heart, Small intestine, Bladder"
3,Albizia Flower,合歡花,héhuānhuā,hap6 fun1 faa1 ,Albiziae Flos,Heart-nourishing tranquillizing medicinal,Dried inflorescence of Albizia julibrissin Durazz. (Fam. Leguminosae),sweet; neutral,"Heart, Liver"
4,American Ginseng,西洋參,xīyángcān,sai1 joeng4 sam1 ,Panacis Quinquefolii Radix,Qi-tonifying medicinal,Dried root of Panax quinquefolium L. (Fam. Aralianceae),"slightly bitter, sweet; cool","Heart, Lung, Kidney"
5,Antelope Horn,羚羊角,língyángjiǎo,ling4 joeng4 gok3 ,Saigae Tataricae Cornu,Liver-pacifying and wind-extinguishing medicinal,Horn of Saiga tatarica Linnaeus (Fam. Bovidea),salty; cold,"Liver, Heart"
6,Appendiculate Cremastra Pseudobulb or Common Pleione Pseudobulb,山慈菇,shāncígū,saan1 ci4 gu1 ,Cremastrae Seu Pleiones Pseudobulbus,Heat-clearing and detoxicating medicinal,"Dried pseudobulb of Cremastra appensiculata (D.Don) Makino, Pleione bulbocodioides (Franch.) Rolfe or Pleione yunnanensis Polfe (Fam. Orchidaceae)","sweet, slightly pungent; cool","Liver, Spleen"
7,Arc Shell,瓦楞子,wǎléngzǐ,ngaa5 ? zi2 ,Arcae Concha,Phlegm resolving medicinal,"Shell of Arca subcrenata Lischke, Arca gransa Linnaeus or Arca inflata Reeve (Fam. Arcidae)",salty; neutral,"Lung, Stomach, Liver"
8,Areca Peel,大腹皮,dàfùpí,daai6 fuk1 pei4 ,Arecae Pericarpium,Qi-regulating medicinal,Dried pericarp of Areca catechu L. (Fam. Palmae),pungent; slightly warm,"Spleen, Stomach, Large intestine, Small intestine"
9,Areca Seed,檳榔,bīnláng,ban1 long4 ,Arecae Semen,Worm-expelling medicinal,Dried ripe seed of Areca catechu L. (Fam. Palmae),"pungent, bitter; warm","Stomach, Large intestine"
10,Argy Wormwood Leaf,艾葉,àiyè,ngaai6 jip6 ,Artemisiae Argyi Folium,Meridian-warming hemostatic medicinal,Dried leaf of Arthemisia argyi Lévl.et Vant. (Fam. Compositae),"pungent, bitter; warm; slightly toxic","Liver, Spleen, Kidney"
11,Armand Clematis Stem,川木通,chuānmùtōng,cyun1 muk6 tung1 ,Clematidis Armandii Caulis,Strangury-relieving diuretic medicinal,Dried lianoid stem of Clematis armandii Franch. or Clematis montana Buch.-Ham. (Fam. Ranunculaceae),"bland, bitter; cold","Heart, Lung, Small intestine, Bladder"
12,Arnebia Root,紫草,zǐcǎo,zi2 cou2 ,Arnebiae Radix,Heat-clearing and blood-cooling medicinal,Dried root of Arnebia euchroma (Royle) Johnst. or Arnebia guttata Bunge (Fam. Boraginaceae),"sweet, salty; cold","Liver, Heart"
13,Ash Bark,秦皮,qínpí,ceon4 pei4 ,Fraxini Cortex,Heat-clearing and dampness-drying medicinal,"Dried branch bark or stem bark of Fraxinus rhynchophylla Hance, Fraxinus chinensis Roxb., Fraxinus szaboana Lingelsh. or Fraxinus stylosa Lingelsh. (Fam. Oleanaceae)","bitter, astringent; cold","Liver, Gallbladder, Large intestine"
14,Asiatic Cornelian Cherry Fruit,山茱萸,shānzhūyú,saan1 zyu1 jyu4 ,Corni Fructus,Astringent medicinal,Dried ripe sarcocarp of Cornus officinalis Sieb. et Zucc. (Fam. Cornaceae),"astringent, sour; slightly warm","Liver, Kidney"
15,Asiatic Pennywort Herb,積雪草,jīxuěcǎo,zik1 syut3 cou2 ,Centellae Herba,Dampness-draining anti-icteric medicinal,Dried herb of Centella asiatica (L.) Urb. (Fam. Umbelliferae),"bitter, pungent; cold","Liver, Spleen, Kidney"
16,Atractylodes Rhizome,蒼朮,cāngshù,cong1 ? ,Atractylodis Rhizoma,Dampness-resolving medicinal,Dried rhizome of Atractylodes lancea (Thunb.) DC. or Atractylodes cinensis (DC.) Koidz. (Fam. Compositae),"pungent, bitter; warm","Liver, Spleen, Stomach"
17,Baical Skullcap Root,黃芩,huángqín,wong4 ? ,Scutellariae Radix,Heat-clearing and dampness-drying medicinal,Dried root of Scutellaria baicalensis Georgi (Fam. Labiatae),bitter; cold,"Spleen, Lung, Gallbladder, Small intestine, Large intestine"
18,Bamboo Shavings,竹茹,zhúrú,zuk1 jyu4 ,Bambusae in Taenia Caulis,Phlegm resolving medicinal,"Dried middle shavings of Bambusa tuldoides Munro, Sinocalamus beecheyanus (Munro) McClure var. pubescens P.F. Li or Phyllostachys nigra (Lodd.) Munro var. henonis (Mitf.) Stapf ex Rendle (Fam. Graminae)",sweet; slightly cold,"Lung, Stomach"
19,Baphicacanthus Root,南板藍根,nánbǎnlángēn,naam4 baan2 laam4 gan1 ,Baphicacanthis Cusiae Rhizoma et Radix,Heat-clearing and detoxicating medicinal,Dried rhizome and root of Baphicacanthus cusia (Nees) Bremek. (Fam. Acanthaceae),bitter; cold,"Heart, Stomach"
20,Barbary Wolfberry Fruit,枸杞子,jǔqǐzǐ,gau2 gei2 zi2 ,Lycii Fructus,Yin-tonifying medicinal,Dried ripe fruit of Lycium barbarum L. (Fam. Solanaceae),sweet; neutral,"Liver, Kidney"
21,Barbated Skullcup Herb,半枝蓮,bànzhīlián,bun3 zi1 lin4 ,Scutellariae Barbatae Herba,Heat-clearing and detoxicating medicinal,Dried herb of Sctutellaria barbata D. Don (Fam. Labiatae),"sweet, bitter; cold","Liver, Lung, Kidney"
22,Beautiful Sweetgum Fruit,路路通,lùlùtōng,lou6 lou6 tung1 ,Liquidamibris Fructus,Wind-dampness-dispelling and cold-dispersing medicinal,Dried ripe infructescences of Liquidambar formosana Hance. (Fam. Hamamelidaceae),bitter; neutral,"Liver, Kidney"
23,Belvedere Fruit,地膚子,dìfūzǐ,dei6 fu1 zi2 ,Kochiae Fructus,Heat-clearing and dampness-drying medicinal,Dried ripe fruit of Kochia scoparia (L.) Schrad. (Fam. Chenopodiaceae),"pungent, bitter; cold",Kidney
24,Bile Arisaema,膽南星,dǎnnánxīng,daam2 naam4 sing1 ,Arisaema cum Bile,Phlegm resolving medicinal,"Prepared from finely powered tuber of Arisaema serubescens (Wall.) Schott, Arisaema heterophyllum Bl. or Arisaema amurense Maxim. and the bile of ox, sheep or pig","bitter, slightly pungent; cool","Lung, Liver, Spleen"
25,Biond Magnolia Flower,辛夷,xīnyí,san1 ji4 ,Magnoliae Flos,Wind-cold-dispersing medicinal,"Dried flower bud of Magnolia biondii Pamp., Magnolia denudata Desr. or Magnolia sprengeri Pamp. (Fam. Magnoliaceae)",pungent; warm,"Lung, Stomach"
26,Bistort Rhizome,拳參,quáncān,kyun4 sam1 ,Bistortae Rhizoma,Heat-clearing and detoxicating medicinal,Dried rhizome of Polygonum bistorta L. (Fam. Polygonaceae),"bitter, astringent; slightly cold","Lung, Liver, Large intestine"
27,Bitter Apricot Seed,苦杏仁,kǔxìngrén,fu2 hang6 jan4 ,Armeniacae Amarum Semen,Cough-suppressing and panting-calming medicinal,"Dried ripe seed of Prunus armeniaca L. var. ansu Maxim., Prunus sibirica L., Prunus mandshurica (Maxim.) Koehne or Prunus armeniaca L. (Fam. Rosaceae)",bitter; slightly warm; slightly toxic,"Lung, Large intestine"
28,Black Sesame,黑芝麻,hēizhīmá,hak1 zi1 maa4 ,Sesami Nigrum Semen,Yin-tonifying medicinal,Dried ripe seed of Sesamum indicum L. (Fam. Pedaliaceae),sweet; neutral,"Liver, Kidney, Large intestine"
29,Black-tail Snake,烏梢蛇,wūshāoshé,wu1 saau1 se4 ,Zaocys,Wind-dampness-dispelling and cold-dispersing medicinal,Dried body of Zaocys dhummnades (Cantor) (Fam. Colubridea),sweet; neutral,Liver
30,Blackberry Lily Rhizome,射干,shègān,se6 gon3 ,Belamicandae Rhizoma,Heat-clearing and detoxicating medicinal,Dried rhizome of Belamcanda chinensis (L.) DC. (Fam. Iridaceae),bitter; cold,Lung
31,Blackend Swallowwort Root,白薇,báiwéi,baak6 mei4 ,Cynanchi Atrati Radix et Rhizoma,Deficiency heat-clearing medicinal,Dried root and rhizome of Cynanchum atratum Bge. or Cynanchum versicolor Bge. (Fam. Asclepiadaceae),"bitter, salty; cold","Liver, Kidney, Stomach"
32,Blister Beetle,斑蝥,bānmáo,baan1 ? ,Mylabris,-,Dried body of Mylabris phalerata Pallas or Mylabris cichorii Linnaeus (Fam. Meloidae),pungent; hot; strongly toxic,"Liver, Stomach, Kidney"
33,Boat-fruited Sterculia Seed,胖大海,pàngdàhǎi,bun6 daai6 hoi2 ,Sterculiae Lychnophorae Semen,Cough-suppressing and panting-calming medicinal,Dried ripe seed of Sterculia lychnophora Hance (Fam. Sterculiacaeae),sweet; cold,"Lung, Large intestine"
34,Buffalo Horn,水牛角,shǔiníujiǎo,seoi2 ngau4 gok3 ,Bubali Cornu,Heat-clearing and blood-cooling medicinal,Horn of Bubalus bubalis Linnaeus (Fam. Bovidea),bitter; cold,"Liver, Heart"
35,Cablin Patchouli Herb,廣藿香,guǎnghuòxiāng,gwong2 ? hoeng1 ,Pogostemonis Herba,Dampness-resolving medicinal,Dried aerial part of Pogostemon cablin (Blanco) Benth. (Fam. Labiatae),pungent; slightly warm,"Spleen, Stomach, Lung"
36,Canton Love-pea Vine,雞骨草,jīgǔcǎo,gai1 gwat1 cou2 ,Abri Herba,Heat-clearing and detoxicating medicinal,Dried herb of Abrus cantoniensis Hance (Fam. Leguminosae),"sweet, slightly bitter; cool","Liver, Stomach"
37,Caoguo,草果,cǎoguǒ,cou2 gwo2 ,Tsaoko Fructus,Dampness-resolving medicinal,Dried ripe fruit of Amomum tsok-ko Crevost et Lemaire (Fam. Zingiberaceae),pungent; warm,"Spleen, Stomach"
38,Cape Jasmine Fruit,梔子,zhīzǐ,? zi2 ,Gardeniae Fructus,Heat-clearing and fire-purging medicinal,Dried ripe fruit of Gardenia jasminoides Ellis (Fam. Rubiaceae),bitter; cold,"Heart, Lung, Triple energizers"
39,Carbonized Fineleaf Schizonepeta Herb,荊芥炭,jīngjiètàn,ging1 gaai3 taan3 ,Schizonepetae Carbonistum Herba,Astringent hemostatic medicinal,Processed fruit-spike of Schizonepeta tenuisfolia Briq. (Fam. Labiatae),"pungent, astringent; slightly warm","Lung, Liver"
40,Carbonized Hair,血餘炭,xiěyútàn,hyut3 jyu4 taan3 ,Carbonisatus Crinis,Astringent hemostatic medicinal,Made of the human hair,bitter; neutral,"Liver, Stomach"
41,Cassia Bark,肉桂,ròugùi,juk6 gwai3 ,Cinnamomi Cortex,Interior-warming medicinal,Dried stem bark of Cinnamomum cassia Presl (Fam. Lauraceae),"pungent, sweet; strongly hot","Liver, Heart, Spleen, Kidney"
42,Cassia Seed,決明子,juémíngzǐ,kyut3 ming4 zi2 ,Cassiae Semen,Heat-clearing and fire-purging medicinal,Dried ripe seed of Cassia obtusifolia L. or Cassia tora L. (Fam. Leguminosae),"sweet, bitter; slightly cold","Liver, Large intestine"
43,Cassia Twig,桂枝,gùizhī,gwai3 zi1 ,Cinnamomi Ramulus,Wind-cold-dispersing medicinal,Dried young branch of Cinnamomum cassia Presl (Fam. Lauranceae),"pungent, sweet; warm","Heart, Spleen, Lung"
44,Castor Seed,蓖麻子,bìmázǐ,? maa4 zi2 ,Ricini Semen,Heat-clearing and detoxicating medicinal,Dried ripe seed of Ricinus commiunis L. (Fam. Euphorbiaceae),"sweet, pungent; neutral; toxic","Large intestine, Lung"
45,Catclaw Buttercup Root,貓爪草,māozhuǎcǎo,maau1 zaau2 cou2 ,Ranunculi Ternati Radix,Heat-clearing and detoxicating medicinal,Dried root tuber of Ranunculus ternatus Thunb. (Fam. Ranunculaceae),"sweet, pungent; warm","Liver, Lung"
46,Cattail Pollen,蒲黃,púhuáng,pou4 wong4 ,Typhae Pollen,Stasis-resolving hemostatic medicinal,"Dried pollen of Typha angustifolia L., Typha orientalis Presl or ther plants of the same genus (Fam. Typhaceae)",sweet; neutral,"Liver, Pericardium"
47,Centipede,蜈蚣,wúgōng,ng4 gung1 ,Scolopendra,Liver-pacifying and wind-extinguishing medicinal,Dried body of Scolopendra subspinipes mutilans L. Koch (Fam. Scolopendridae),pungent; warm; toxic,Liver
48,Chaulmoogratree Seed,大風子,dàfēngzǐ,daai6 fung1 zi2 ,Hydnocarpi Hainanensis Semen,Dry dampness relieve itching and kill worms medicinal,Dried ripe fruit of Hydnocarpus anthelmintica Pierre. (Fam. Flacourtiaceae),pungent; hot; toxic,"Liver, Spleen, Kidney"
49,Cherokee Rose Fruit,金櫻子,jīnyīngzǐ,gam1 jing1 zi2 ,Rosae Laevigatae Fructus,Astringent medicinal,Dried ripe fruit of Rosa laevigata Michx (Fam. Rosaceae),"sour, sweet, astringent; neutral","Kidney, Bladder, Large intestine"
50,Chicken's Gizzard-skin,雞內金,jīnèijīn,gai1 noi6 gam1 ,Corneum Gigeriae Galli Endothelium,Digestant medicinal,Dried inner wall of the gizzard of Gallus gallus domesticus Brisson (Fam. Phasianidae),sweet; neutral,"Spleen, Small intestine, Stomach, Bladder"
51,Chinaroot Greenbrier Rhizome,菝葜,bájié,bat6 ? ,Smilacis Chinae Rhizoma,Wind-dampness-dispelling and heat-clearing medicinal,Dried rhizome of Smilax china L. (Fam. Liliaceae),"sweet, slightly bitter, slightly astringent; neutral","Liver, Kidney"
52,Chinese Angelica,當歸,dānggūi,dong3 gwai1 ,Angelicae Sinensis Radix,Blood-tonifying medicinal,Dried root of Angelica sinensis (Oliv.) Diels (Fam. Umbelliferae),"pungent, sweet; warm","Liver, Heart, Spleen"
53,Chinese Arborvitae Kernel,柏子仁,bǎizǐrén,paak3 zi2 jan4 ,Platycladi Semen,Heart-nourishing tranquillizing medicinal,Dried ripe seed of Platyclasdus orientalis (L.) Franco (Fam. Cupressaceae),sweet; neutral,"Heart, Kidney, Large intestine"
54,Chinese Arborvitae Twig and Leaf,側柏葉,cèbǎiyè,zak1 paak3 jip6 ,Platycladi Cacumen,Blood-cooling hemostatic medicinal,Dried twig and leaf of Platyclasdus orientalis (L.) Franco (Fam. Cupressaceae),"bitter, astringent; cold","Lung, Liver, Spleen"
55,Chinese Cinquefoil,委陵菜,wěilíngcài,wai2 ling4 coi3 ,Potentillae Chinensis Herba,Heat-clearing and detoxicating medicinal,Dried herb of Potentilla chinensis Ser. (Fam. Rosaceae),bitter; cold,"Liver, Large intestine"
56,Chinese Clematis Root,威靈仙,wēilíngxiān,wai1 ling4 sin1 ,Clematidis Radix et Rhizoma,Wind-dampness-dispelling and cold-dispersing medicinal,"Dried root and rhizome of Clematis chinensis Osbeck, Clematis hexapetala Pall. or Clematis manshurica Rupr. (Fam. Ranunculaceae)","pungent, salty; warm",Bladder
57,Chinese Cork-tree,黃柏,huángbǎi,wong4 paak3 ,Phellodendri Chinensis Cortex,Heat-clearing and dampness-drying medicinal,Dried bark of Phellodendron chinense Schneid. (Fam. Rutaceae),bitter; cold,"Kidney, Bladder"
58,Chinese Date,大棗,dàzǎo,daai6 zou2 ,Jujubae Fructus,Qi-tonifying medicinal,Dried ripe fruit of Ziziphus jujuba Mill. (Fam. Rhamnaceae),sweet; warm,"Spleen, Stomach"
59,Chinese Dwarf Cherry Seed,鬱李仁,yùlǐrén,wat1 lei5 jan4 ,Pruni Semen,Laxative medicinal,"Dried ripe seed of Prumnus humilis Bge., Prunus japonica Thunb. or Prunus pedunculata Maxim. (Fam. Rosaceae)","pungent, bitter, sweet; neutral","Spleen, Large intestine, Small intestine"
60,Chinese Eaglewood Wood,沉香,chénxiāng,cam4 hoeng1 ,Aquilariae Resinatum Lignum,Qi-regulating medicinal,Resin containing wood of Aquilaria sinensis (Lour.) Gilg (Fam. Thymelaeaceae),"pungent, bitter; slightly warm","Spleen, Stomach, Kidney"
61,Chinese Gall,五倍子,wǔbèizǐ,ng5 pui5 zi2 ,Chinensis Galla,Astringent medicinal,"Gall produced mainly by parasitic aphids of Melaphis chinensis (Bell) Baker on the leaf of Rhus chinensis Mill., Rhus potaninii Maxim. or Rhus punjabensis Stew. var. sinica (Diels) Rehd. et Wils. (Fam. Anacardiaceae)","astringent, sour; cold","Lung, Kidney, Large intestine"
62,Chinese Gentian,龍膽,lóngdǎn,lung4 daam2 ,Gentianae Radix et Rhizoma,Heat-clearing and dampness-drying medicinal,"Dried root and rhizome of Gentiana manshurica Kitag., Gantiana scabra Bge., Gentiana triflora Pall. or Gentiana rigescens Franch. (Fam. Gentianaceae)",bitter; cold,"Liver, Gallbladder"
63,Chinese Holly Leaf,枸骨葉,jǔgǔyè,gau2 gwat1 jip6 ,Ilicis Cornutae Folium,Deficiency heat-clearing medicinal,Dried leaf of Ilex cornuta Lindl. ex Paxt. (Fam. Aquifoliaceae),bitter; cool,"Liver, Kidney"
64,Chinese Lobelia Herb,半邊蓮,bànbiānlián,bun3 bin1 lin4 ,Lobeliae Chinensis Herba,Heat-clearing and detoxicating medicinal,Dried herb of Lobelia chinensis Lour. (Fam. Campanulaceae),pungent; neutral,"Heart, Small intestine, Lung"
65,Chinese Lovage,藁本,gǎoběn,gou2 bun2 ,Ligustici Rhizoma et Radix,Wind-cold-dispersing medicinal,Dried rhizome and root of Ligusticum sinense Oliv. or Ligusticum jeholense Nakai et Kitag. (Fam. Umbelliferae),pungent; warm,Bladder
66,Chinese Magnoliavine Fruit,五味子,wǔwèizǐ,ng5 mei6 zi2 ,Schisandrae Chinensis Fructus,Astringent medicinal,Dried ripe fruit of Schisandra chinensis (Turcz.) Baill. (Fam. Magnoliaceae),"sour, sweet; warm","Lung, Heart, Kidney"
67,Chinese Mosla,香薷,xiāngrú,hoeng1 ? ,Moslae Herba,Wind-cold-dispersing medicinal,Dried aerial part of Mosla chinensis Maxim. or Mosla chinensis 'Jiangxiangru' (Fam. Labiatae),pungent; slightly warm,"Lung, Stomach"
68,Chinese Pulsatilla Root,白頭翁,báitóuwēng,baak6 tau4 jung1 ,Pulsatillae Radix,Heat-clearing and detoxicating medicinal,Dried root of Pulsatilla chinensis (Bge.) Regel (Fam. Ranunculaceae),bitter; cold,"Stomach, Large intestine"
69,Chinese Rose Flower,月季花,yuèjìhuā,jyut6 gwai3 faa1 ,Rosae Chinensis Flos,Blood-activating menstruation regulating medicinal,Dried flower of Rosa chinensis Jacq. (Fam. Rosaceae),sweet; warm,Liver
70,Chinese Star Anise,八角茴香,bājiǎohúixiāng,baat3 gok3 ? hoeng1 ,Anisi Stellati Fructus,Interior-warming medicinal,Dried ripe fruit of Illicium verum Hook. f. (Fam. Magnoliaceae),pungent; warm,"Liver, Kidney, Spleen, Stomach"
71,Chinese Starjasmine Stem,絡石藤,luòshíténg,lok3 sek6 tang4 ,Trachelospermi Caulis,Wind-dampness-dispelling and heat-clearing medicinal,Dried lianoid stem of Trachelospermum jasminoides (Lindl.) Lem. (Fam. Apocynaceae),bitter; slightly cold,"Heart, Liver, Kidney"
72,Chinese Tamarisk Twig,西河柳,xīhélǐu,sai1 ho4 lau5 ,Tamaricis Cacumen,Wind-dampness-dispelling and cold-dispersing medicinal,Dried young twig and leaf of Tamarix chinensis Lour. (Fam. Tamaricaceae),"sweet, pungent; neutral","Heart, Lung, Stomach"
73,Chinese Taxillus Herb,桑寄生,sāngjìshēng,song1 gei3 sang1 saang1 ,Taxilli Herba,Wind-dampness-dispelling and strenghten tendon and bone medicinal,Dried stem and branch with leaf of Taxillus chinensis (DC.) Danser (Fam. Loranthaceae),"sweet, bitter; neutral","Liver, Kidney"
74,Chinese Thorowax Root,柴胡,cháihú,caai4 wu4 ,Bupleuri Radix,Wind-heat dispersing medicinal,Dried root of Bupleurum chinense DC. or Bupleurum scorzonerifolium Willd. (Fam. Umbelliferae),bitter; slightly cold,"Liver, Gallbladder"
75,Chinese waxgourd Peel,冬瓜皮,dōngguāpí,dung1 gwaa1 pei4 ,Benincasae Exocarpium,Dampness-draining diuretic medicinal,Dried exocarp of Benincasa hispida (Thunb.) Cogn. (Fam. Cucurbitaceae),sweet; cool,"Spleen, Small intestine"
76,Chinese Wolfberry Root-bark,地骨皮,dìgǔpí,dei6 gwat1 pei4 ,Lycii Cortex,Deficiency heat-clearing medicinal,Dried root bark of Lycium chinense Mill. or Lycium barbarum L. (Fam. Solanaceae),sweet; cold,"Liver, Lung, Kidney"
77,Chingma Abutilon Seed,苘麻子,qiǒngmázǐ,? maa4 zi2 ,Abutili Semen,Strangury-relieving diuretic medicinal,Dried ripe seed of Abutilon theophrastii Medic. (Fam. Malvaceae),bitter; neutral,"Large intestine, Small intestine, Bladder"
78,Chlorite Schist,青礞石,qīngméngshí,cing1 ceng1 ? sek6 ,Chloriti Lapis,Phlegm resolving medicinal,Black mica schist or a carbonate schist of chlorite mica of metamorphic group,"sweet, salty; neutral","Lung, Heart, Liver"
79,Christina Loosestrife,金錢草,jīnqiáncǎo,gam1 cin4 cou2 ,Lysimachiae Herba,Dampness-draining anti-icteric medicinal,Dried herb of Lysimachia christinae hance (Fam. Primulaceae),"sweet, salty; slightly cold","Liver, Gallbladder, Kidney, Bladder"
80,Chrysanthemum Flower,菊花,júhuā,guk1 faa1 ,Chrysanthemi Flos,Wind-heat dispersing medicinal,Dried capitulum of Chrysanthemum morifolium Ramat. (Fam. Compositae),"sweet, bitter; slightly cold","Lung, Liver"
81,Chuling,豬苓,zhūlíng,zyu1 ling4 ,Polyporus,Dampness-draining diuretic medicinal,"Dried sclerotium of the fungus, Polyporus umbellatus (Pers.) Fries (Fam. Polyporaceae)","sweet, bland; neutral","Kidney, Bladder"
82,Cibot Rhizome,狗脊,gǒují,gau2 zik3 zek3 ,Cibotii Rhizoma,Wind-dampness-dispelling and strenghten tendon and bone medicinal,Dried rhizome of Cibotium barometz (L.) J. Sm. (Fam. Dicksoniaceae),"sweet, bitter; warm","Liver, Kidney"
83,Cicada Slough,蟬蛻,chántùi,sin4 teoi3 ,Cicadae Periostracum,Wind-heat dispersing medicinal,Slough of the nymph of Cryptotympana pustulata Fabricius (Fam. Cicadidae) during emergence,sweet; cold,"Lung, Liver"
84,Clam Shell,蛤殼,háké,haa4 hok3 ,Meretricis Seu Cyclinae Concha,Phlegm resolving medicinal,Shell of Meretrix meretrix Linnaeus or Cyclina sinensis Gmelin (Fam. Veneridae),"bitter, salty; cold","Lung, Kidney, Stomach"
85,Clove,丁香,dīngxiāng,ding1 hoeng1 ,Caryophylli Flos,Interior-warming medicinal,Dried flower bud of Eugenia cayophyllata Thunb. (Fam. Myrtaceae),pungent; warm,"Spleen, Stomach, Lung, Kidney"
86,Coastal Glehnia Root,北沙參,běishācān,bak1 saa1 sam1 ,Glehniae Radix,Yin-tonifying medicinal,Dried root of Glehnia littoralis Fr. Schmidt ex Miq. (Fam. Umbelliferae),"sweet, slightly bitter; slightly cold","Lung, Stomach"
87,Cochinchina Momordica Seed,木鱉子,mùbiēzǐ,muk6 bit3 zi2 ,Momordicae Semen,Heat-clearing and detoxicating medicinal,Dried ripe seed of Momordica cochinchinensis (Lour.) Spreng. (Fam. Cucurbitaceae),"bitter, slightly sweet; cool; toxic","Liver, Spleen, Stomach"
88,Cochinchinese Asparagus Root,天冬,tiāndōng,tin1 dung1 ,Asparagi Radix,Yin-tonifying medicinal,Dried root tuber of Asparagus cochinchinensis (Lour.) Merr. (Fam. Liliaceae),"sweet, bitter; cold","Lung, Kidney"
89,Cockcomb Flower,雞冠花,jīguānhuā,gai1 gun3 faa1 ,Celosiae Cristatae Flos,Blood-cooling hemostatic medicinal,Dried capitulum of Celosia cristata L. (Fam. Amaranthaceae),sweet; cool,"Liver, Large intestine"
90,Coix Seed,薏苡仁,yìyǐrén,ji3 ? jan4 ,Coicis Semen,Dampness-draining diuretic medicinal,Dried ripe kernel of Coix lacryma-joni L. var. mayuen (Roman.) Stapf (Fam. Gramineae),"sweet, bland; cool","Spleen, Lung, Stomach"
91,Coloured Mistletoe Herb,槲寄生,hújìshēng,huk6 gei3 sang1 saang1 ,Visci Herba,Wind-dampness-dispelling and strenghten tendon and bone medicinal,Dried stem and branch with leaf of Viscum coloratum (Komar.) Nakai (Fam. Loranthaceae),bitter; neutral,"Liver, Kidney"
92,Combined Spicebush Root,烏藥,wūyào,wu1 joek6 ,Linderae Radix,Qi-regulating medicinal,Dried root tuber of Lindera aggeregata (Sims) Kosterm. (Fam. Lauraceae),pungent; warm,"Lung, Spleen, Kidney, Bladder"
93,Common Andrographis Herb,穿心蓮,chuānxīnlián,cyun1 sam1 lin4 ,Andrographis Herba,Heat-clearing and detoxicating medicinal,Dried aerial part of Andrographis paniculata (Burm. f.) Nees (Fam. Acanthaceae),bitter; cold,"Heart, Lung, Large intestine, Bladder"
94,Common Anemarrhena Rhizome,知母,zhīmǔ,zi1 mou5 ,Anemarrhenae Rhizoma,Heat-clearing and fire-purging medicinal,Dried rhizome of Anemarrhena asphodeloides Bge. (Fam. Liliaceae),"bitter, sweet; cold","Lung, Stomach, Kidney"
95,Common Bletilla Tuber,白及,báijí,baak6 kap6 ,Bletillae Rhizoma,Astringent hemostatic medicinal,Dried tuber of Bletilla strata (Thunb.) Reichb. f. (Fam. Orchidaceae),"sweet, bitter, astringent; slightly cold","Liver, Lung, Stomach"
96,Common Burreed Tuber,三棱,sānléng,saam3 ling4 ,Sparganii Rhizoma,Blood-breaking mass eliminating medicinal,Dried root tuber of Sparganium stoloniferum Buch.-Ham. (Fam. Sparganiaceae),"pungent, bitter; neutral","Liver, Spleen"
97,Common Clubmoss Herb,伸筋草,shēnjīncǎo,san1 gan1 cou2 ,Lycopodii Herba,Wind-dampness-dispelling and cold-dispersing medicinal,Dried herb of Lycopodium japonicum Thumb. (Fam. Lycopodiaceae),"slightly bitter, pungent; warm","Liver, Spleen, Kidney"
98,Common Cnidium Fruit,蛇床子,shéchuángzǐ,se4 cong4 zi2 ,Cnidii Fructus,Dry dampness relieve itching and kill worms medicinal,Dried ripe fruit of Cnidium monnieri (L.) Cuss. (Fam. Umbelliferae),"pungent, bitter; warm; slightly toxic",Kidney
99,Common Coltsfoot Flower,款冬花,kuǎndōnghuā,fun2 dung1 faa1 ,Farfarae Flos,Cough-suppressing and panting-calming medicinal,Dried flower bud of Tussilago farfara L. (Fam. Compostiae),"pungent, slightly bitter; warm",Lung
100,Common Curculigo Rhizome,仙茅,xiānmáo,sin1 maau4 ,Curculiginis Rhizoma,Yang-tonifying medicinal,Dried rhizome of Curculigo orchioides Gaertn. (Fam. Amaryllidaceae),pungent; hot; toxic,"Kidney, Liver, Spleen"
101,Common Dayflower Herb,鴨跖草,yāzhícǎo,aap3 ? cou2 ,Commelinae Herba,Heat-clearing and fire-purging medicinal,Dried aerial part of Commelina communis L. (Fam. Commelinaceae),"sweet, bland; cold","Lung, Small intestine, Stomach"
102,Common Ducksmeat Herb,浮萍,fúpíng,fau4 ping4 ,Spirodelae Herba,Wind-heat dispersing medicinal,Dried herb of Spirodela polyrrhiza (L.) Schleid (Fam. Lemnaceae),pungent; cold,Lung
103,Common Floweringqince Fruit,木瓜,mùguā,muk6 gwaa1 ,Chaenomelis Fructus,Wind-dampness-dispelling and cold-dispersing medicinal,Dried nearly ripe fruit of Chaenomeles speciosa (Sweet) Nakai (Fam. Rosaceae),sour; warm,"Liver, Spleen"
104,"Common Heron's Bill Herb, Wilford Granesbill Herb",老鸛草,lǎoguàncǎo,lou5 gun3 cou2 ,"Erodii Herba, Geranii Herba",Wind-dampness-dispelling and cold-dispersing medicinal,"Dried aerial part of Erodium stephanianum Willd., Greranium wilfordii Maxim. or Geranuium carolinianum L. (Fam. Geraniaceae)","pungent, bitter; neutral","Liver, Kidney, Spleen"
105,Common Knotgrass Herb,萹蓄,piānxù,? cuk1 ,Polygoni Avicularis Herba,Strangury-relieving diuretic medicinal,Dried aerial part of Polygonum aviculare L. (Fam. Polygonaceae),bitter; slightly cold,Bladder
106,Common Rush,燈心草,dēngxīncǎo,dang1 sam1 cou2 ,Junci Medulla,Strangury-relieving diuretic medicinal,Dried stem pith of Juncus effusus L. (Fam. Juncaceae),"sweet, bland; slightly cold","Heart, Lung, Small intestine"
107,Common Scouring Rush Herb,木賊,mùzéi,muk6 caak6 ,Equiseti Hiemalis Herba,Wind-heat dispersing medicinal,Dried aerial part of Equisetum hiemale L. (Fam. Equisetaceae),"sweet, bitter; neutral","Lung, Liver"
108,Common Selfheal Fruit-Spike,夏枯草,xiàkūcǎo,haa6 fu1 cou2 ,Prunellae Spica,Heat-clearing and fire-purging medicinal,Dried fruit-spike of Prunella vulgaris L. (Fam. Labiatae),"pungent, bitter; cold","Liver, Gallbladder"
109,Common Yam Rhizome,山藥,shānyào,saan1 joek6 ,Dioscoreae Rhizoma,Qi-tonifying medicinal,Dried rhizome of Dioscorea opposita Thunb. (Fam. Dioscoreaceae),sweet; neutral,"Spleen, Lung, Kidney"
110,Cordyceps,冬蟲夏草,dōngchóngxiàcǎo,dung1 cung4 haa6 cou2 ,Chinese Caterpillar Fungus,Yang-tonifying medicinal,"Composite consisting of the stroma of fungus, Cordyceps sinensis (BerK.) Sacc. (Fam. Hypocreaceae), parasitized on the larva of some species of insects (Fam. Hepialidae), and the dead caterpillar",sweet; neutral,"Lung, Kidney"
111,Cowherb Seed,王不留行,wángbùlíuxíng,wong4 bat1 lau4 hong4 ,Vaccariae Semen,Blood-activating menstruation regulating medicinal,Dried ripe seed of Vaccaria segetailis (Neck.) Garcke (Fam. Caryophyllaceae),bitter; neutral,"Liver, Stomach"
112,Croton Fruit,巴豆,bādòu,baa1 dau6 dau2 ,Crotonis Fructus,Drastic (purgative) water-expelling medicinal,Dried ripe fruit of Croton tiglium L. (Fam. Euphorbiaceae),pungent; hot; strongly toxic,"Stomach, Large intestine"
113,Cuttlebone,海螵蛸,hǎipiāoshāo,hoi2 ? ? ,Sepiae Endoconcha,Astringent medicinal,Dried internal shell of Sepiella maindroni de Rochebrune or Sepia esculenta Hoyle (Fam. Sepiidae),"salty, astringent; warm","Spleen, Kidney"
114,Dahurian Angelica Root,白芷,báizhǐ,baak6 zi2 ,Angelicae Dahuricae Radix,Wind-cold-dispersing medicinal,Dried root of Angelica dahurica (Fisch. Ex Hoffm.) Benth. et Hook. f. or Angelica dahurica (Fisch. Ex Hoffm.) Benth. et Hook. f. var. formosana (Boiss.) Shan et Yuan (Fam. Umbelliferae),pungent; warm,"Lung, Stomach, Large intestine"
115,Dandelion,蒲公英,púgōngyīng,pou4 gung1 jing1 ,Taraxaci Herba,Heat-clearing and detoxicating medicinal,"Dried herb of Taraxacum monolicium Hand. -Mazz., Taraxacum sinicum Kitag. or several other species of the same genus (Fam. Compositae)","sweet, bitter; cold","Liver, Stomach"
116,Danshen Root,丹參,dāncān,daan1 sam1 ,Salviae Miltiorrhizae Radix et Rhizoma,Blood-activating menstruation regulating medicinal,Dried root and rhizome of Salvia miltiorrhiza Bge. (Fam. Labiatae),bitter; slightly cold,"Liver, Heart"
117,Datura Flower,洋金花,yángjīnhuā,joeng4 gam1 faa1 ,Daturae Flos,Cough-suppressing and panting-calming medicinal,Dried flower of Datura metel L. (Fam. Solanaceae),pungent; warm; toxic,"Liver, Lung"
118,Decumbent Corydalis Rhizome,夏天無,xiàtiānwú,haa6 tin1 mou4 ,Corydalis Decumbentis Rhizoma,Blood-activating analgesic medicinal,Dried tuber of Corydalis decumbens (Thunb.) Pers. (Fam. Papaveraceae),"bitter, slightly pungent; warm",Liver
119,Deerhorn Glue,鹿角膠,lùjiǎojiāo,luk6 gok3 gaau1 ,Cornus Cervi Colla,Yang-tonifying medicinal,Solid glue prepared from horn of Cervus nippon Temminck or Cervus elaphus Linnaeus (Fam. Cervidae) by decoction and concentration,"sweet, salty; warm","Kidney, Liver"
120,Degelatined Deer-horn,鹿角霜,lùjiǎoshuāng,luk6 gok3 soeng1 ,Cornu Cervi Degelatinatum,Yang-tonifying medicinal,Piece of antler of male Cervus nippon Temminck or Cervus elaphus Linnaeus (Fam. Cervidae) removed from gelatin,salty; warm,"Liver, Kidney"
121,Dendrobium,石斛,shíhú,sek6 ? ,Dendrobii Caulis,Yin-tonifying medicinal,"Fresh or dried stem of Dendrobium nobile Lindl., Dendrobium candidum Wall. ex Lindl. or Dendrobium fimbriatum Hook. var. oculatum Hook. and similar species (Fam. Orchidaceae)",sweet; slightly cold,"Kidney, Stomach"
122,Densefruit Pittany Root-bark,白鮮皮,báixiānpí,baak6 sin2 pei4 ,Dictamni Cortex,Heat-clearing and dampness-drying medicinal,Dried root bark of Dictamnus dasycarpus Trurcz. (Fam. Rutaceae),bitter; cold,"Spleen, Stomach, Bladder"
123,Desert Living Cistanche,肉蓯蓉,ròucōngróng,juk6 ? jung4 ,Cistanches Herba,Yang-tonifying medicinal,Dried fleshy stem with scales of Cistanche deserticola Y.C. Ma or Cistanche tubulosa (Schrenk) Wight (Fam. Orobanchaceae),"sweet, salty; warm","Kidney, Large intestine"
124,Divaricate Saposhnikovia Root,防風,fángfēng,fong4 fung1 ,Saposhnikoviae Radix,Wind-cold-dispersing medicinal,Dried root of Saposhnikovia divaricata (Turcz.) Schischk. (Fam. Umbelliferae),"pungent, sweet; warm","Liver, Spleen, Bladder"
125,Dodder Seed,菟絲子,tùsīzǐ,? si1 zi2 ,Cuscutae Semen,Yang-tonifying medicinal,Dried ripe seed of Cuscuta chinensis Lam. (Fam. Convolvulaceae),sweet; warm,"Liver, Spleen, Kidney"
126,Dogbane Leaf,羅布麻葉,luóbùmáyè,lo4 bou3 maa4 jip6 ,Apocyni Veneti Folium,Liver-pacifying and wind-extinguishing medicinal,Dried leaf of Apcocynum venetum L. (Fam. Apocynaceae),"sweet, bitter; cool",Liver
127,Donkey-hide Glue,阿膠,ājiāo,o1 gaau1 ,Corii Asini Colla,Blood-tonifying medicinal,Solid glue prepared from the dried or fresh skin of Equus asinus L. (Fam. Equidae),sweet; neutral,"Lung, Liver, Kidney"
128,Doubleteeth Pubescent Angelica Root,獨活,dúhuó,duk6 wut6 ,Angelicae Pubescentis Radix,Wind-dampness-dispelling and cold-dispersing medicinal,Dried root of Angelica pubescens Maxim. f. biserrata Shan et Yuan (Fam. Umbelliferae),"pungent, bitter; slightly warm","Kidney, Bladder"
129,Dragon's Blood,血竭,xiějié,hyut3 kit3 ,Draconis Sanguis,Blood-activating trauma-curing medicinal,Prepared resin of the fruit of Daemonorops draco Bl. (Fam. Palmae),"sweet, salty; neutral","Liver, Heart"
130,Dried Tangerine Peel,陳皮,chénpí,can4 pei4 ,Citri Reticulatae Pericarpium,Qi-regulating medicinal,Dried pericarp of the ripe fruit of Citrus reticulata Blanco or its cultivars (Fam. Rutaceae),"pungent, bitter; warm","Spleen, Lung"
131,Dwarf Lilyturf Tuber,麥冬,màidōng,mak6 dung1 ,Ophiopogonis Radix,Yin-tonifying medicinal,Dried root tuber of Ophiopogon japonicus (Thunb.) Ker-Gawl. (Fam. Liliaceae),"slightly bitter, sweet; slightly cold","Heart, Lung, Stomach"
132,Dyers Woad Leaf,大青葉,dàqīngyè,daai6 cing1 ceng1 jip6 ,Isatidis Folium,Heat-clearing and detoxicating medicinal,Dried leaf of Isatis indigotica Fort. (Fam. Cruciferae),bitter; cold,"Heart, Stomach"
133,Earthworm,地龍,dìlóng,dei6 lung4 ,Pheretima,Liver-pacifying and wind-extinguishing medicinal,"Dried body of Pheretima aspergillum (E.Perrier), Pheretima vulgaris Chen, Pheretima guillelmi (Michaelsen) or Pheretima pectinifera Michaelsen (Fam. Megascolecidae)",salty; cold,"Liver, Spleen, Bladder"
134,Eucommia Bark,杜仲,dùzhòng,dou6 zung6 ,Eucommiae Cortex,Yang-tonifying medicinal,Dried stem bark of Eucommia ulmoides Oliv. (Fam. Eucommiaceae),sweet; warm,"Liver, Kidney"
135,English Walnut Seed,核桃仁,hétáorén,hat6 wat6 tou4 jan4 ,Juglandis Semen,Yang-tonifying medicinal,Dried ripe seed of Juglans regia L. (Fam. Juglandaceae),sweet; warm,"Kidney, Lung, Large intestine"
136,Ephedra Root,麻黃根,máhuánggēn,maa4 wong4 gan1 ,Ephedrae Radix et Rhizoma,Astringent medicinal,Dried root and rhizome of Ephedra sinica Stapf or Ephedra intermedia Schrenk et C.A.Mey. (Fam. Ephedraceae),sweet; neutral,"Heart, Lung"
137,Ephedra,麻黃,máhuáng,maa4 wong4 ,Ephedrae Herba,Wind-cold-dispersing medicinal,Dried herbaceous stem of Ephedra sinica Stapf. Ephedra intermedina Bge. (Fam. Ephedraceae),"pungent, slightly bitter; warm","Lung, Bladder"
138,Epimedium Herb,淫羊藿,yínyánghuò,jam4 joeng4 ? ,Epimedii Herba,Yang-tonifying medicinal,"Dried aerial part of Epimedium brevicornum Maxim., Epimedium sagittatum (Sieb. et Zucc.) Maxim., Epimedium pubescens Maxim., Epimedium wushanense T.S. Ying or Epimedium koreanum Nakai (Fam. Berberidaceae)","pungent, sweet; warm","Liver, Kidney"
139,European Verbena Herb,馬鞭草,mǎbiāncǎo,maa5 bin1 cou2 ,Verbenae Herba,Blood-activating trauma-curing medicinal,Dried aerial part of Verbena officinalis L. (Fam. Verbenaceae),bitter; cool,"Liver, Spleen"
140,Exsiccated Sodium Sulfate,玄明粉,xuánmíngfěn,jyun4 ming4 fan2 ,Natrii Sufas Exsiccatus,Heat-clearing and detoxicating medicinal,"Obtained from Glauber's salts by efflorescencing, containing mainly sodium sulfate (Na2SO4)","salty, bitter; cold","Stomach, Large intestine"
141,Feather Cockscomb Seed,青葙子,qīngxiāngzǐ,cing1 ceng1 ? zi2 ,Celosiae Semen,Heat-clearing and fire-purging medicinal,Dried ripe seed of Celosia argentea L. (Fam. Amaranthaceae),bitter; slightly cold,Liver
142,Fennel,小茴香,xiǎohúixiāng,siu2 ? hoeng1 ,Foeniculi Fructus,Interior-warming medicinal,Dried ripe fruit of Foeniculum vulgare Mill. (Fam. Umbelliferae),pungent; warm,"Liver, Spleen, Kidney, Stomach"
143,Fermented Soybean,淡豆豉,dàndòuchǐ,taam5 dau6 dau2 si6 ,Sojae Praeparatum Semen,Wind-heat dispersing medicinal,Fermented preparation obtain from the ripe seed Glycine max (L.) Merr. (Fam. Leguminosae),"pungent, bitter; cool","Lung, Stomach"
144,Field Thistle Herb,小薊,xiǎojì,siu2 gai3 ,Cirsii Herba,Blood-cooling hemostatic medicinal,Dried aerial part of Cirsium setosum (Willd.) MB. (Fam. Compositae),"sweet, bitter; cool","Heart, Liver"
145,Figwort Root,玄參,xuáncān,jyun4 sam1 ,Scrophulariae Radix,Heat-clearing and blood-cooling medicinal,Dried root of Scrophularia ningpoensis Hemsl. (Fam. Scrophulariaceae),"sweet, bitter, salty; slightly cold","Lung, Kidney, Stomach"
146,Figwortflower Picrorhiza Rhizome,胡黃連,húhuánglián,wu4 wong4 lin4 ,Picrorhizae Rhizoma,Deficiency heat-clearing medicinal,Dried rhizome of Picrorhiza scrophulariiflora Pennell (Fam. Scrophulariaceae),bitter; cold,"Liver, Stomach, Large intestine"
147,Fineleaf Schizonepeta Spike,荊芥穗,jīngjièsùi,ging1 gaai3 seoi6 ,Schizonepetae Spica,Wind-cold-dispersing medicinal,Dried fruit-spike of Schizonepeta tenuisfolia Briq. (Fam. Labiatae),pungent; slightly warm,"Liver, Lung"
148,Finger Citron,佛手,fóshǒu,fat6 sau2 ,Citri Sarcodactylis Fructus,Qi-regulating medicinal,Dried fruit of Citrus medica L. var. sarcodactylis Swingle (Fam. Rutaceae),"pungent, bitter, sour; warm","Liver, Spleen, Lung"
149,Flatstem Milkvetch Seed,沙苑子,shāyuànzǐ,saa1 jyun2 zi2 ,Astragali Complanati Semen,Yang-tonifying medicinal,Dried ripe seed of Astragalus complanatus R.Br. (Fam. Leguminosae),sweet; warm,"Liver, Kidney"
150,Fluorite,紫石英,zǐshíyīng,zi2 sek6 jing1 ,Fluoritum,Settling tranquillizing medicinal,"Mineral of florides of fluoride group, containing mainly calcium fluoride (CaF2)",sweet; warm,"Heart, Lung, Kidney"
151,Fortune Eupatorium Herb,佩蘭,pèilán,pui3 laan4 ,Eupatorii Herba,Dampness-resolving medicinal,Dried aerial part of Eupatorium fortunei Turcz. (Fam. Compositae),pungent; neutral,"Spleen, Stomach, Lung"
152,Fortune's Drynaria Rhizome,骨碎補,gǔsùibǔ,gwat1 seoi3 bou2 ,Drynariae Rhizoma,Blood-activating trauma-curing medicinal,Dried rhizome of Drynaria fortunei (Kunze) J.Sm. (Fam. Polypodiaceae),bitter; warm,"Liver, Kidney"
153,Fortune Windmillpalm Petiole,棕櫚,zōnglv́,zung1 leoi4 ,Trachycarpi Petiolus,Astringent hemostatic medicinal,Dried petiole of Trachycar fortunei (Hook. f.) H. Wendl. (Fam. Palmae),"bitter, astringent; neutral","Lung, Liver, Large intestine"
154,Fourleaf Ladybell Root,南沙參,nánshācān,naam4 saa1 sam1 ,Adenophorae Radix,Yin-tonifying medicinal,Dried root of Adenophora tetraphylla (Thunb.) Fisch. or Adenophora stricta Miq. (Fam. Campanulaceae),sweet; slightly cold,"Lung, Stomach"
155,Fourstamen Stephania Root,防己,fángjǐ,fong4 gei2 ,Stephaniae Tetrandrae Radix,Wind-dampness-dispelling and heat-clearing medicinal,Dried root of Stephania tetrandra S. Moore (Fam. Menispermaceae),bitter; cold,"Bladder, Lung"
156,Fragrant Solomonseal Rhizome,玉竹,yùzhú,juk6 zuk1 ,Polygonati Odorati Rhizoma,Yin-tonifying medicinal,Dried rhizome of Polygonatum odoratum (Mill.) Druce (Fam. Liliaceae),sweet; slightly cold,"Lung, Stomach"
157,Franchet Groundcherry Fruit,錦燈籠,jǐndēnglóng,gam2 dang1 lung5 ,Physalis Calyx Seu Fructus,Heat-clearing and detoxicating medicinal,Dried persistent calyx or the persistent calyx with fruit of Physalis alkekengi L. var. franchetyii (Mast.) Makino (Fam. Solanaceae),bitter; cold,Lung
158,Frankincense,乳香,rǔxiāng,jyu5 hoeng1 ,Olibanum,Blood-activating analgesic medicinal,Dired resin of the bark of Bowswellia carterii Birdwood or several other species of the same genus (Fam. Burseraceae),"pungent, bitter; warm","Liver, Heart, Spleen"
159,Fresh Ginger,生薑,shēngjiāng,sang1 saang1 goeng1 ,Zingiberis Rhizoma Recens,Wind-cold-dispersing medicinal,Fresh rhizome of Zingiber officinale (Willd.) Rosc. (Fam. Zingiberaceae),pungent; slightly warm,"Spleen, Lung, Stomach"
160,Galangal Fruit,紅豆蔻,hóngdòukòu,hung4 dau6 dau2 kau3 ,Galangae Fructus,Dampness-resolving medicinal,Dried ripe fruit of Alpinia galanga Willd. (Fam. Zingiberaceae),pungent; warm,"Spleen, Lung"
161,Gambir Plant,鈎藤,gōuténg,? tang4 ,Uncariae cum Uncis Ramulus,Liver-pacifying and wind-extinguishing medicinal,"Dried hook-bearing branch of Uncaria rhynchophylla (Miq.) Jacks., Uncaria macrophylla Wall., Uncaria hirsuta Havil., Uncaria sinensis (Oliv.) Havil. or Uncaria sessilifructus Roxb. (Fam. Rubiaceae)",sweet; cool,"Liver, Pericardium"
162,Garden Balsam Seed,急性子,jíxìngzǐ,gap1 sing3 zi2 ,Impatientis Semen,Blood-breaking mass eliminating medicinal,Dried ripe seed of Impatiens balsamina L. (Fam. Balsaminaceae),"slightly bitter, pungent; warm; slightly toxic","Lung, Liver"
163,Garden Burnet Root,地榆,dìyú,dei6 jyu4 ,Sanguisorbae Radix,Blood-cooling hemostatic medicinal,Dried root of Sanguisorba officinalis L. or Sanguisorba officinals L. var. longifolia (Bert.) Yü et Li (Fam. Rosaceae),"bitter, sour, astringent; slightly cold","Liver, Large intestine"
164,Germinated Barley,麥芽,màiyá,mak6 ngaa4 ,Hordei Germinatus Fructus,Digestant medicinal,Dried germinated ripe fruit of Hordeum vulgare L. (Fam. Gramineae),sweet; neutral,"Spleen, Stomach"
165,Giant Knotweed Rhizome,虎杖,hǔzhàng,fu2 zoeng6 ,Polygoni Cuspidati Rhizoma et Radix,Dampness-draining anti-icteric medicinal,Dried rhizome and root of Polygonum cuspidatum Sieb. et Zucc. (Fam. Polygonaceae),slightly bitter; slightly cold,"Liver, Lung, Gallbladder"
166,Giant Typhonium Rhizome,白附子,báifùzǐ,baak6 fu6 zi2 ,Typhonii Rhizoma,Phlegm resolving medicinal,Dried tuber of Typhonium giganteum Engl. (Fam. Araceae),pungent; warm; toxic,"Stomach, Liver"
167,Ginkgo Leaf,銀杏葉,yínxìngyè,ngan4 hang6 jip6 ,Ginkgo Folium,Cough-suppressing and panting-calming medicinal,Dried leaf of Ginkgo biloba L. (Fam. Ginkgoaceae),"sweet, bitter, astringent; neutral","Heart, Lung"
168,Ginkgo Seed,白果,báiguǒ,baak6 gwo2 ,Ginkgo Semen,Cough-suppressing and panting-calming medicinal,Dried ripe seed of Ginkgo biloba L. (Fam. Ginkgoaceae),"sweet, bitter, astringent; neutral; toxic",Lung
169,Ginseng Leaf,人參葉,réncānyè,jan4 sam1 jip6 ,Ginseng Folium,Qi-tonifying medicinal,Dried leaf of Panax ginseng C.A. Mey. (Fam. Araliaceae),"bitter, sweet; cold","Lung, Stomach"
170,Ginseng,人參,réncān,jan4 sam1 ,Ginseng Radix,Qi-tonifying medicinal,Dried root of Panax ginseng C.A. Mey. (Fam. Araliaceae),"slightly bitter, sweet; neutral","Heart, Spleen, Lung"
171,Glabrous Greenbrier Rhizome,土茯苓,tǔfúlíng,tou2 fuk6 ling4 ,Smilacis Glabrae Rhizoma,Heat-clearing and detoxicating medicinal,Dried rhizome of Smilax glabra Roxb. (Fam. Liliaceae),"sweet, bland; neutral","Liver, Stomach"
172,Glabrous Sarcandra Herb,腫節風,zhǒngjiéfēng,zung2 zit3 fung1 ,Sarcandrae Herba,Heat-clearing and blood-cooling medicinal,Dried herb of Sarcandra glabra (Thunb.) Nakai (Fam. Chloranthaceae),"bitter, pungent; neutral","Heart, Liver"
173,Glossy Ganoderma,靈芝,língzhī,ling4 zi1 ,Ganoderma,Qi-tonifying medicinal,"Dried sporophore of Ganoderma lucidum (Leyss. ex Fr.) Karst. or Ganoderma sinense Zhao, Xu et Zhang (Fam. Polyporaceae)",sweet;,"Liver, Heart, Lung, Kidney"
174,Glossy Privet Fruit,女貞子,nv̌zhēnzǐ,neoi5 leoi5 zing1 zi2 ,Ligustri Lucidi Fructus,Yin-tonifying medicinal,Dried fruit of Ligustrum lucidum Ait. (Fam. Oleaceae),"sweet, bitter; cool","Liver, Kidney"
175,Glue of tortoise shell,龜甲膠,gūijiǎjiāo,gwai1 gaap3 gaau1 ,Carapax et Plastrum Testudinis Colla,Yin-tonifying medicinal,Solid glue prepared from Carapace and plastron of Chinemys reevesii (Gray) (Fam. Emydidae),"salty, sweet; cool","Liver, Kidney, Heart"
176,Golden thread,黃連,huánglián,wong4 lin4 ,Coptidis Rhizoma,Heat-clearing and dampness-drying medicinal,"Dried rhizome of Coptis chinensis Franch., Coptis deltoidea C.Y. Cheng et Hsiao or Coptis teeta Wall. (Fam. Ranunculaceae)",bitter; cold,"Liver, Heart, Spleen, Gallbladder, Stomach, Large intestine"
177,Gordon Euryale Seed,芡實,qiànshí,him3 sat6 ,Euryales Semen,Astringent medicinal,Dried kernel of ripe seed of Euryale ferox Salisb. (Fam. Nymphaeaceae),"sweet, astringent; neutral","Spleen, Kidney"
178,Grassleaf Sweetflag Rhizome,石菖蒲,shíchāngpú,sek6 coeng1 pou4 ,Acori Tatarinowii Rhizoma,Orifice-opening medicinal,Dried rhizome of Acorus tatarinowii Schott (Fam. Araceae),"pungent, bitter; warm","Heart, Stomach"
179,Great Burdock Achene,牛蒡子,níubàngzǐ,ngau4 bong2 zi2 ,Arctii Fructus,Wind-heat dispersing medicinal,Dried ripe fruit of Arctium lappa L. (Fam. Compositae),"pungent, bitter; cold","Lung, Stomach"
180,Green Tangerine Peel,青皮,qīngpí,cing1 ceng1 pei4 ,Citri Reticulatae Viride Pericarpium,Qi-regulating medicinal,Dried pericarp of the young or immature fruits of Citrus reticulata Blanco or its cultivars (Fam. Rutaceae),"pungent, bitter; warm","Liver, Gallbladder, Stomach"
181,Grosvenor Momordica Fruit,羅漢果,luóhànguǒ,lo4 hon3 gwo2 ,Momordicae Fructus,Cough-suppressing and panting-calming medicinal,Dried fruit of Momordica grosvenori Swingle (Fam. Cucurbitaceae),sweet; cool,"Lung, Large intestine"
182,Ground Beetle,土鱉蟲,tǔbiēchóng,tou2 bit3 cung4 ,Eupolyphaga Seu Steleophaga,Blood-activating trauma-curing medicinal,"Dried body of female, Eupolyphaga sinensis Walker or Steleophaga plancyi (Boleny) (Fam. Corydiidae)",salty; cold; slightly toxic,Liver
183,Gypsum,石膏,shígāo,sek6 gou1 ,Fibrosum Gypsum,Heat-clearing and fire-purging medicinal,"Plaster Mineral of sulfates of plaster Mineral group, containing mainly hydrate calcium sulfate (CaSO4‧2H2O)","sweet, pungent; strongly cold","Lung, Stomach"
184,Hairyvein Agrimonia Herb,仙鶴草,xiānhècǎo,sin1 hok6 cou2 ,Agrimoniae Herba,Astringent hemostatic medicinal,Dried aerial part of Agrimonia pilosa Ledeb. (Fam. Rosaceae),"bitter, astringent; neutral","Heart, Liver"
185,Hawthorn Fruit,山楂,shānzhā,saan1 zaa1 ,Crataegi Fructus,Digestant medicinal,Dried ripe fruit of Crataegus pinnatifida Bge. var. major N. E. Br. or Crataegus pinnatifida Bge. (Fam. Rosaceae),"sweet, sour; slightly warm","Liver, Spleen, Stomach"
186,Heartleaf Houttuynia Herb,魚腥草,yúxīngcǎo,jyu4 sing1 seng1 cou2 ,Houttuyniae Herba,Heat-clearing and detoxicating medicinal,Fresh or dried aerial part of Houttuynia cordata Thumb. (Fam. Saururaceae),pungent; slightly cold,Lung
187,Hematite,赭石,zhěshí,? sek6 ,Haematitum,Liver-pacifying and wind-extinguishing medicinal,"Mineral of oxides of corundum group, containing mainly ferric oxide (Fe2O3)",bitter; cold,"Liver, Heart"
188,Hemp seed,火麻仁,huǒmárén,fo2 maa4 jan4 ,Cannabis Fructus,Laxative medicinal,Dried ripe fruit of Cannabis sativa L. (Fam. Moraceae),sweet; neutral,"Spleen, Stomach, Large intestine"
189,Heterophylly Falsestarwort Root,太子參,tàizǐcān,taai3 zi2 sam1 ,Pseudostellariae Radix,Qi-tonifying medicinal,Dried root tuber of Pseudostellaria heterophylla (Miq.) Pax ex Pax et Hoffm. (Fam. Caryophyllaceae),"sweet, slightly bitter; neutral","Spleen, Lung"
190,Himalayan Teasel Root,續斷,xùduàn,zuk6 tyun5 ,Dipsaci Radix,Yang-tonifying medicinal,Dried root of Dispsacus asperoides C.Y. Cheng et T. M. Ai (Fam. Dispsacaceae),"pungent, bitter; slightly warm","Liver, Kidney"
191,Hirsute Shiny Bugleweed Herb,澤蘭,zélán,zaak6 laan4 ,Lycopi Herba,Blood-activating menstruation regulating medicinal,Dried aerial part of Lyscopus lucidus Turcz. var. hirtus Regel (Fam. Labiatae),"bitter, pungent; slightly warm","Liver, Spleen"
192,Hogfennel Root,前胡,qiánhú,cin4 wu4 ,Peucedani Radix,Phlegm resolving medicinal,Dried root of Peucedanum praeruptorum Dunn (Fam. Umbelliferae),"pungent, bitter; slightly cold",Lung
193,Honey,蜂蜜,fēngmì,fung1 mat6 ,Mel,Qi-tonifying medicinal,Saccharine fluid deposited by Apis cerana Fabricius or Apis mellifera Linnaeus (Fam. Apidae),sweet; neutral,"Lung, Stomach, Large intestine"
194,Honeycomb,蜂房,fēngfáng,fung1 fong4 ,Vespae Nidus,Dry dampness relieve itching and kill worms medicinal,"Honeycomb of Polistes olivaceous (DeGeer), Polistes japonicus Saussure or Parapolybia varia Fabricius (Fam. Vespidae)",sweet; neutral,Stomach
195,Honeysuckle Stem,忍冬藤,rěndōngténg,jan2 dung1 tang4 ,Lonicerae Japonicae Caulis,Heat-clearing and detoxicating medicinal,Dried stem and branch of Lonicera japonica Thunb (Fam. Caprifoliaceae),sweet; cold,"Lung, Stomach"
196,Human Placenta,紫河車,zǐhéchē,zi2 ho4 ce1 ,Hominis Placenta,Yang-tonifying medicinal,Dried placenta of a healthy women,"sweet, salty; warm","Heart, Lung, Kidney"
197,Hypoglaucous Collett Yam Rhizome,粉萆薢,fěnpìjiē,fan2 ? ? ,Dioscoreae Hypolaucae Rhizoma,Strangury-relieving diuretic medicinal,Dried rhizome of Dioscorea hypoglauca Plakibin (Fam. Dioscoreaceae),bitter; neutral,"Kidney, Stomach"
198,Immature Orange Fruit,枳實,zhīshí,? sat6 ,Aurantii Immaturus Fructus,Qi-regulating medicinal,Dried young fruit of Citrus aurantium L. and its cultivated varieties (Fam. Rutaceae),"pungent, bitter, sour; warm","Spleen, Stomach"
199,Incised Notopterygium Rhizome or Root,羌活,qiānghuó,goeng1 wut6 ,Notopterygii Rhizoma et Radix,Wind-cold-dispersing medicinal,Dried rhizome and root of Notopterygium incisum Ting ex H.T. Chang or Notopterygium forbesii Boiss (Fam. Umbelliferae),"pungent, bitter; warm","Bladder, Kidney"
200,Indian Bread,茯苓,fúlíng,fuk6 ling4 ,Poria,Dampness-draining diuretic medicinal,"Dried sclerotium of the fungus, Poria cocos (Schw.) Wolf (Fam. Polyporaceae)","sweet, bland; neutral","Heart, Spleen, Lung, Kidney"
201,Indian Madder Root,茜草,qiàncǎo,sin6 sai1 cou2 ,Rubiae Radix et Rhizoma,Stasis-resolving hemostatic medicinal,Dried root and rhizome of Rubia cordifolia L. (Fam. Rubiaceae),bitter; cold,Liver
202,Indian Trumpetflower Seed,木蝴蝶,mùhúdié,muk6 wu4 dip6 ,Oroxyli Semen,Heat-clearing and detoxicating medicinal,Dried ripe fruit of Oroxylum indicum (L.) Vent. (Fam. Bignoniaceae),"bitter, sweet; cool","Lung, Liver, Stomach"
203,Inula Flower,旋覆花,xuánfùhuā,syun4 fuk1 faa1 ,Inulae Flos,Phlegm resolving medicinal,Dried capitulum of Inula japonica Thunb. or Inula britannica L. (Fam. Compositae),"bitter, pungent, salty; slightly warm","Lung, Spleen, Stomach, Large intestine"
204,Irkutsk Anemone Rhizome,九節菖蒲,jǐujiéchāngpú,gau2 zit3 coeng1 pou4 ,Anemonis Altaicae Rhizoma,Orifice-opening medicinal,Dried rhizome of Anemone altaica Fisch. ex C. A. Mey. (Fam. Ranunculaceae),pungent; warm,"Heart, Liver, Spleen"
205,Isatis Root,板藍根,bǎnlángēn,baan2 laam4 gan1 ,Isatidis Radix,Heat-clearing and detoxicating medicinal,Dried root of Isatis indigotica Fort. (Fam. Cruciferae),bitter; cold,"Heart, Stomach"
206,Jackinthepulpit Tuber,天南星,tiānnánxīng,tin1 naam4 sing1 ,Arisaematis Rhizoma,Phlegm resolving medicinal,"Dried tuber of Arisaema serubescens (Wall.) Schott, Arisaema heterophyllum Bl. or Arisaema amurense Maxim. (Fam. Araceae)","bitter, pungent; warm; toxic","Lung, Liver, Spleen"
207,Japanese Ardisia Herb,矮地茶,ǎidìchá,ai2 dei6 caa4 ,Ardisiae Japonicae Herba,Cough-suppressing and panting-calming medicinal,Dried herb of Ardisia japonica (Thunb.) Blume (Fam. Myrsinaceae),"pungent, slightly bitter; neutral","Lung, Liver"
208,Japanese Climbing Fern Spore,海金沙,hǎijīnshā,hoi2 gam1 saa1 ,Lygodii Spora,Strangury-relieving diuretic medicinal,Dried ripe spores of Lygodium japonicum (Thunb.) Sw. (Fam. Lygodiaceae),"sweet, salty; cold","Bladder, Small intestine"
209,Japanese Honeysuckle Flower,金銀花,jīnyínhuā,gam1 ngan4 faa1 ,Lonicerae Japonicae Flos,Heat-clearing and detoxicating medicinal,Dried flower bud or opening flower of Lonicera japonica Thunb. (Fam. Caprifoliaceae),sweet; cold,"Lung, Heart, Stomach"
210,Japanese Pagodatree Pod,槐角,huáijiǎo,waai4 gok3 ,Sophorae Fructus,Blood-cooling hemostatic medicinal,Driedripe fruit of Sophora japonica L. (Fam. Leguminosae),bitter; cold,"Liver, Large intestine"
211,Japanese Raisin Tree Seed,枳椇子,zhījǔzǐ,? ? zi2 ,Hoveniae Dulcis Semen,Yin-tonifying medicinal,"Dried ripe seed of Hovenia dulcis Thumb., Hovenia acerba Lindi. or Hovenia trichocarpa Chun et Tsiang (Fam. Rhamnaceae)",sweet; neutral,"Heart, Spleen, Lung"
212,Japanese Thistle Herb,大薊,dàjì,daai6 gai3 ,Cirsii Japonici Herba,Blood-cooling hemostatic medicinal,Dried aerial part of Cirsium japonicum Fisch. ex DC. (Fam. Compositae),"sweet, bitter; cool","Heart, Liver"
213,Japanese Ampelopsis Root,白蘞,báiliàn,baak6 ? ,Ampelopsis Radix,Heat-clearing and detoxicating medicinal,Dried root tuber of Ampelopsis japonica (Thunb.) Makino (Fam. Vitaceae),bitter; slightly cold,"Heart, Stomach"
214,Jave Brucea Fruit,鴉膽子,yādǎnzǐ,aa1 daam2 zi2 ,Bruceae Fructus,Heat-clearing and detoxicating medicinal,Dried ripe fruit of Brucea javanica (L.) Merr. (Fam. Simarubaceae),bitter; cold; slightly toxic,"Liver, Large intestine"
215,Kadsura Pepper Stem,海風藤,hǎifēngténg,hoi2 fung1 tang4 ,Piperis Kadsurae Caulis,Wind-dampness-dispelling and cold-dispersing medicinal,Dried stem of Piper kadsura (Choisy) Ohwi (Fam. Piperaceae),"pungent, bitter; slightly warm",Liver
216,Katsumada Galangal Seed,草豆蔻,cǎodòukòu,cou2 dau6 dau2 kau3 ,Alpiniae Katsumdai Semen,Dampness-resolving medicinal,Dried almost ripe seed of Alpinia katsumadai Hayata (Fam. Zingiberaceae),pungent; warm,"Spleen, Stomach"
217,Kelp or Tangle,昆布,kūnbù,kwan1 bou3 ,Laminariae Thallus Eckloniae Thallus,Phlegm resolving medicinal,Dried thalline of Laminaria japonica Aresch. or Ecklonia kurome Okan. (Fam. Laminariaceae),salty; cold,"Liver, Kidney, Stomach"
218,Knoxia Root,紅大戟,hóngdàjǐ,hung4 daai6 gik1 ,Knoxiae Radix,Drastic (purgative) water-expelling medicinal,Dried tuber root of Knoxia valerianoides Thorel et Pitard (Fam. Rubiaceae),bitter; cold; slightly toxic,"Lung, Spleen, Kidney"
219,Lalang Grass Rhizome,白茅根,báimáogēn,baak6 maau4 gan1 ,Imperatae Rhizoma,Blood-cooling hemostatic medicinal,Dried rhizome of Imperata cylindrica Beauv. Var. major (Nees) C.E. Hubb. (Fam. Gramineae),sweet; cold,"Lung, Stomach, Bladder"
220,Largehead Atractylodes Rhizome,白朮,báishù,baak6 ? ,Atractylodis Macrocphalae Rhizoma,Qi-tonifying medicinal,Dried rhizome of Atractylodes macrocephala Koidz. (Fam. Compositae),"sweet, bitter; warm","Spleen, Stomach"
221,Largeleaf Gentian Root,秦艽,qínqíu,ceon4 ? ,Gentianae Macrophyllae Radix,Wind-dampness-dispelling and heat-clearing medicinal,"Dried root of Gentiana macrophylla Pall., Gentiana straminea Maxim., Gentiana crassicaulis Duthie ex Burk. or Gentiana dahurica Fisch. (Fam. Gentianaceae)","pungent, bitter; neutral","Stomach, Liver, Gallbladder"
222,Largetrifoliolious Bugbane Rhizome,升麻,shēngmá,sing1 maa4 ,Cimicifugae Rhizoma,Wind-heat dispersing medicinal,"Dried rhizome of Cimicifuga heracleifolia Kom., Cimicifuga dahurica (Turcz.) Maxim. or Cimicifuga foetida L. (Fam. Ranunculaceae)","pungent, slightly sweet; slightly cold","Lung, Spleen, Stomach, Large intestine"
223,Leech,水蛭,shǔizhì,seoi2 zat6 ,Hirudo,Blood-breaking mass eliminating medicinal,"Dried body of Whitmania pigra Whitman, Hirudo mipponica Whitman or Whitmania acranulata Whitman (Fam. Hirudinidae)","salty, bitter; neutral; slightly toxic",Liver
224,Lesser Galangal Rhizome,高良薑,gāoliángjiāng,gou1 loeng4 goeng1 ,Alpiniae Officinarum Rhizoma,Interior-warming medicinal,Dried rhizome of Alpinia officinarum Hance (Fam. Zingiberaceae),pungent; hot,"Spleen, Stomach"
225,Lightyellow Sophora Root,苦參,kǔcān,fu2 sam1 ,Sophorae Flavescentis Radix,Heat-clearing and dampness-drying medicinal,Dried root of Sophora flavescens Ait. (Fam. Leguminosae),bitter; cold,"Liver, Heart, Stomach, Large intestine, Bladder"
226,Lilac Daphne Flower Bud,芫花,yuánhuā,jyun4 faa1 ,Genkwa Flos,Drastic (purgative) water-expelling medicinal,Dried flower bud of Daphne genkwa Sieb. et Zucc. (Fam. Thymelaeaceae),"bitter, pungent; warm; toxic","Lung, Spleen, Kidney"
227,Lilac Pink Herb,瞿麥,jùmài,keoi4 mak6 ,Dianthi Herba,Strangury-relieving diuretic medicinal,Dried aerial part of Diathus superbus L. or Dianthus chinensis L. (Fam. Caryophyllaceae),bitter; cold,"Heart, Small intestine"
228,Lily Bulb,百合,bǎihé,baak3 hap6 ,Lilii Bulbus,Yin-tonifying medicinal,"Dried fleshly scale leaf of Lilium lancifolium Thunb., Lilium brownii F. E. Brown var. viridulum Baker or Lilium pumpilum DC. (Fam. Liliaceae)",sweet; cold,"Heart, Lung"
229,Limonitum,禹餘糧,yǔyúliáng,jyu5 jyu4 loeng4 ,Limonite,Astringent medicinal,"Mineral of limonite of hydroxides, containing mainly basic ferric oxide [FeO(OH)]","sweet, astringent; slightly cold","Stomach, Large intestine"
230,Linseed,亞麻子,yàmázǐ,aa3 maa4 zi2 ,Lini Semen,Laxative medicinal,Dried ripe seed of Linum ustatissimum L. (Fam. Linaceae),sweet; neutral,"Liver, Lung, Large intestine"
231,Liquorice Root,甘草,gāncǎo,gam1 cou2 ,Glycyrrhizae Radix et Rhizoma,Qi-tonifying medicinal,"Dried root and rhizome of Glycyrrhiza uralensis Fish., Glycyrrhiza inflata Bat. or Glycyrrhiza glabra L. (Fam. Leguminosae)",sweet; neutral,"Heart, Spleen, Lung, Stomach"
232,Long-nosed Pit Viper,蔪蛇,jiànshé,? se4 ,Agkistrodon,Wind-dampness-dispelling and cold-dispersing medicinal,Dried body of Agkistrodon acutus (Güenther) (Fam. Viperidae),"sweet, salty; warm; toxic",Liver
233,Long Pepper,蓽苃,bìyǒu,bat1 ? ,Piperis Longi Fructus,Interior-warming medicinal,Dried nearly ripe fruit-spike of Piper longum L. (Fam. Piperaceae),bitter; hot,"Stomach, Large intestine"
234,Longan Aril,龍眼肉,lóngyǎnròu,lung4 ngaan5 juk6 ,Longan Arillus,Blood-tonifying medicinal,Aril of Dimocarpus longan Lour. (Fam. Sapindaceae),sweet; warm,"Heart, Spleen"
235,Longstamen Onion Bulb,薤白,xièbái,? baak6 ,Allii Macrostemonis Bulbus,Qi-regulating medicinal,Dried bulb of Allium macrostemon Bge. or Allium chinensis G. Don (Fam. Liliaceae),"pungent, bitter; warm","Lung, Stomach, Large intestine"
236,Longtube Ground Ivy Herb,連錢草,liánqiáncǎo,lin4 cin4 cou2 ,Glechomae Herba,Strangury-relieving diuretic medicinal,Dried aerial part of Glechoma longituba (Nakai) Kupr. (Fam. Labiatae),"pungent, slightly bitter; slightly cold","Liver, Kidney, Bladder"
237,Lophatherum Herb,淡竹葉,dànzhúyè,taam5 zuk1 jip6 ,Lophatheri Herba,Heat-clearing and fire-purging medicinal,Dried stem and leaf of Lophatherum gracile Brongn. (Fam. Gramineae),"sweet, bland; cold","Heart, Stomach, Small intestine"
238,Loquat Leaf,枇杷葉,pípáyè,pei4 paa4 jip6 ,Eriobotryae Folium,Cough-suppressing and panting-calming medicinal,Dried leaf of Eriobotrya japonica (Thunb.) Lindl. (Fam. Roseae),bitter; slightly cold,"Lung, Stomach"
239,Lotus Leaf,荷葉,héyè,ho6 jip6 ,Nelumbinis Folium,Heat-clearing and blood-cooling medicinal,Dried leaf of Nelumbo nucifera Gaertn. (Fam. Nymphaeaceae),bitter; neutral,"Liver, Spleen, Stomach"
240,Lotus Plumule,蓮子心,liánzǐxīn,lin4 zi2 sam1 ,Nelumbinis Plumula,Heat-clearing and blood-cooling medicinal,Dried young cotyledon and radicile of the ripe seed of Nelumbo nucifera Gaertn. (Fam. Nymphaeaceae),bitter; cold,"Heart, Kidney"
241,Lotus Receptacle,蓮房,liánfáng,lin4 fong4 ,Nelumbinis Receptaculum,Stasis-resolving hemostatic medicinal,Dried receptacle of Nelumbo ncifera Gaertn. (Fam. Nymphaeaceae),"bitter, astringent; warm",Liver
242,Lotus Rhizome Node,藕節,ǒujié,ngau5 zit3 ,Nelumbinis Rhizomatis Nodus,Astringent hemostatic medicinal,Dried node of Nelumbo nucifera Gaertn. (Fam. Nymphaeaceae),"sweet, astringent; neutral","Liver, Lung, Stomach"
243,Lotus Seed,蓮子,liánzǐ,lin4 zi2 ,Nelumbinis Semen,Astringent medicinal,Dried ripe seed of Nelumbo nucifera Gaertn. (Fam. Nymphacaceae),"sweet, astringent; neutral","Spleen, Kidney, Heart"
244,Lotus Stamen,蓮鬚,liánxū,lin4 sou1 ,Nelumbinis Stamen,Astringent medicinal,Dried stamen of Nelumbo nucifera Gaertn. (Fam. Nymphaeaceae),"sweet, astringent; neutral","Heart, Kidney"
245,Luffa Vegetable Sponge,絲瓜絡,sīguāluò,si1 gwaa1 lok3 ,Luffae Fructus Retinervus,Wind-dampness-dispelling and cold-dispersing medicinal,Dried vascular bundles of ripe fruit of Luffa cylindrica (L.) Roem. (Fam. Cucurbitaceae),sweet; neutral,"Lung, Stomach, Liver"
246,Lychee Seed,荔枝核,lìzhīhé,lai6 zi1 hat6 wat6 ,Litchi Semen,Qi-regulating medicinal,Dried ripe seed of Litchi chinensis Sonn. (Fam. Sapindaceae),"sweet, slightly bitter; warm","Liver, Kidney"
247,Magnetite,磁石,císhí,ci4 sek6 ,Magnetitum,Settling tranquillizing medicinal,Mineral of oxides of spinel group containing mainly ferroferric oxide (Fe3O4),salty; cold,"Liver, Heart, Kidney"
248,Malaytea Scurfpea Fruit,補骨脂,bǔgǔzhī,bou2 gwat1 zi1 ,Psoraleae Fructus,Yang-tonifying medicinal,Dried ripe fruit of Psoralea corylifolia L. (Fam. Leguminosae),"pungent, bitter; warm","Spleen, Kidney"
249,Manchurian Wildginger root,細辛,xìxīn,sai3 san1 ,Asari Radix et Rhizoma,Wind-cold-dispersing medicinal,"Dried root and rhizome of Asarum heterotropoides Fr. Schmidt var. mandshuricum (Maxim.) Kitag., Asarum sieboldii Miq. var. seoulense Nakai or Asarum sieboldii Miq. (Fam. Aristolochiaceae)",pungent; warm,"Heart, Lung, Kidney"
250,Mantis Egg-Case,桑螵蛸,sāngpiāoshāo,song1 ? ? ,Mantidis Oötheca,Astringent medicinal,"Dried egg capsule of Tenodera sinesis Saussure, Statilia maculata (Thunberg) or Hierodula patellifera (Serville) (Fam. Mantidae)","sweet, salty; neutral","Liver, Kidney"
251,Manyprickle Acanthopanax,刺五加,cìwǔjiā,ci3 ng5 gaa1 ,Acanthopanacis Senticosi Radix et Rhizoma Seu Caulis,Qi-tonifying medicinal,Dried root and rhizome or stem of Acanthopanax senticosus (Rupr. et Maxim.) Harms (Fam. Araliaceae),"pungent, slightly bitter; warm","Heart, Spleen, Kidney"
252,Medicinal Changium Root,明黨參,míngdǎngcān,ming4 dong2 sam1 ,Changii Radix,Phlegm resolving medicinal,Dried root of Changium smyrnioides Wolff (Fam. Umbelliferae),"sweet, slightly bitter; slightly cold","Lung, Spleen, Liver"
253,Medicinal Evodia Fruit,吳茱萸,wúzhūyú,ng4 zyu1 jyu4 ,Evodiae Fructus,Interior-warming medicinal,"Dried nearly ripe fruit of Evodia rytaecarpa (Juss.) Benth., Evodia rutaecarpa (Juss.) Benth. var. officinalis (Dode) Huang or Evodia rutaecarpa (Juss.) Brnth. var. bodinieri (Dode) Huang (Fam. Rytaceae)","pungent, bitter; hot; slightly toxic","Liver, Spleen, Kidney, Stomach"
254,Medicine Terminalia Fruit,訶子,hēzǐ,ho1 zi2 ,Chebulae Fructus,Astringent medicinal,Dried ripe fruit of Terminalia chebula Retz. or Terminalia chebula Retz. var. tomentella Kurt. (Fam. Combretaceae),"bitter, astringent, sour; neutral","Lung, Large intestine"
255,Milkvetch Root,黃芪,huángqí,wong4 ? ,Astragali Radix,Qi-tonifying medicinal,Dried root of Astragalus membranaceus (Fisch.) Bge. var. mongholicus (Bge.) Hsiao or Astragalus membranaceus (Fisch.) Bge. (Fam. Leguminosae),sweet; warm,"Spleen, Lung"
256,Millet Sprout,穀芽,gǔyá,guk1 ngaa4 ,Setariae Germinatus Fructus,Digestant medicinal,Dried germinated ripe fruit of Setaria italica (L.) Beauv. (Fam. Gramineae),sweet; warm,"Spleen, Stomach"
257,Morinda Root,巴戟天,bājǐtiān,baa1 gik1 tin1 ,Morindae Officinalis Radix,Yang-tonifying medicinal,Dried root of Morinda officinalis How (Fam. Rubiaceae),"sweet, pungent; slightly warm","Kidney, Liver"
258,Motherwort Fruit,茺蔚子,chōngwèizǐ,? wai3 zi2 ,Leonuri Fructus,Blood-activating menstruation regulating medicinal,Dried ripe fruit of Leonurus japaonicus Houtt. (Fam. Labiatae),"pungent, bitter; slightly cold","Pericardium, Liver"
259,Motherwort Herb,益母草,yìmǔcǎo,jik1 mou5 cou2 ,Leonuri Herba,Blood-activating menstruation regulating medicinal,Dried aerial part of Leonurus japaonicus Houtt. (Fam. Labiatae),"pungent, bitter; slightly cold","Liver, Heart"
260,Mountain Spicy Fruit,蓽澄茄,bìchéngqié,bat1 cing4 ke2 ,Listeae Fructus,Interior-warming medicinal,Dried ripe fruit of Litsea cubeba (Lour.) Pers. (Fam. Lauraceae),pungent; warm,"Spleen, Stomach, Kidney, Bladder"
261,Mulberry Fruit,桑椹,sāngshèn,song1 sam6 ,Mori Fructus,Yin-tonifying medicinal,Dried fruit-spike of Mori alba L. (Fam. Moraceae),"sweet, sour; cold","Liver, Heart, Kidney"
262,Mulberry Leaf,桑葉,sāngyè,song1 jip6 ,Mori Folium,Wind-heat dispersing medicinal,Dried leaf of Morus alba L. (Fam. Moraceae),"sweet, bitter; cold","Liver, Lung"
263,Mulberry Twig,桑枝,sāngzhī,song1 zi1 ,Mori Ramulus,Wind-dampness-dispelling and heat-clearing medicinal,Dried young branch of Morus alba L. (Fam. Moraceae),slightly bitter; neutral,Liver
264,Murraya Jasminorage,九里香,jǐulǐxiāng,gau2 leoi5 hoeng1 ,Murrayae Folium et Cacumen,Qi-regulating medicinal,Dried leaf and young folifrrous branch of Murraya exiotica L. or Murraya paniculata (L.) Jack (Fam. Rutaceae),"pungent, slightly bitter; warm; slightly toxic","Heart, Liver, Lung"
265,Muskroot-like Semiaquilegia Root,天葵子,tiānkúizǐ,tin1 kwai4 zi2 ,Semiaquilegiae Radix,Heat-clearing and detoxicating medicinal,Dried root tuber of Semiaquilegia adoxoides (DC.) Makino (Fam. Ranunculaceae),"sweet, bitter; cold","Liver, Kidney"
266,Myrrh,沒藥,méiyào,mut6 joek6 ,Myrrha,Blood-activating analgesic medicinal,Dried resin of Commiphora myrrha Engler (C. molmol Engler) or several other species of the same genus (Fam. Burseraceae),"pungent, bitter; neutral","Liver, Heart, Spleen"
267,Nacre,珍珠母,zhēnzhūmǔ,zan1 zyu1 mou5 ,Margaritifera Concha,Liver-pacifying and wind-extinguishing medicinal,"Shell of fresh-water clams, Hyriopsis cumingii (Lea) and Cristaria plicata (Leach) (Fam. Unionidae) or Pteria martensii (Dunker) (Fam. Peteriidae)",salty; cold,"Liver, Heart"
268,Nardostachys Rooty,甘松,gānsōng,gam1 sung1 ,Nardostachyos Radix et Rhizoma,Qi-regulating medicinal,Dried root and rhizome of Nardostachys chinensis Batal. or Nardostachys jatamansi DC. (Fam. Valerianaceae),"pungent, sweet; warm","Spleen, Stomach"
269,Natural Indigo,青黛,qīngdài,cing1 ceng1 doi6 ,Naturalis Indigo,Heat-clearing and detoxicating medicinal,"Dried powder or mass prepared from the leaf or the stem and leaf of Baphicacanthus cusia (Nees) Bremek.、(Fam. Acanthaceae), Polygonum tinctorium Ait. (Fam. Polygonaceae) or Isatis indigotica Fort. (Fam. Cruciferae)",salty; cold,Liver
270,Nutgrass Galingale Rhizome,香附,xiāngfù,hoeng1 fu6 ,Cyperi Rhizoma,Qi-regulating medicinal,Dried rhizome of Cyperus rotundus L. (Fam. Cyperaceae),"pungent, slightly bitter, slightly sweet; neutral","Liver, Spleen, Triple energizers"
271,Nutmeg,肉豆蔻,ròudòukòu,juk6 dau6 dau2 kau3 ,Myristicae Semen,Astringent medicinal,Dried kernel of Myristica fragrans Houtt. (Fam. Myrisyicaceae),pungent; warm,"Spleen, Stomach, Large intestine"
272,Nux Vomica,馬錢子,mǎqiánzǐ,maa5 cin4 zi2 ,Strychni Semen,Blood-activating trauma-curing medicinal,Dried ripe seed of Strychnos nux-vomica L. (Fam. Loganiacea),bitter; warm; strongly toxic,"Liver, Spleen"
273,Obscured Homalomena Rhizome,千年健,qiānniánjiàn,cin1 nin4 gin6 ,Homalomenae Rhizoma,Wind-dampness-dispelling and strenghten tendon and bone medicinal,Dried rhizome of Homalomena occulta (Lour.) Schott (Fam. Araceae),"bitter, pungent; warm","Liver, Kidney"
274,Officinal Magnolia Bark,厚樸,hòupú,hau5 pok3 ,Magnoliae Officinalis Cortex,Dampness-resolving medicinal,"Dried stem bark, root bark or branch bark of Magnolia officinalis Rehd. et Wils. or Magnolia officinalis Rehd. et Wils. var. biloba Rehd. et Wils. (Fam. Magnoliaceae)","bitter, pungent; warm","Spleen, Stomach, Lung"
275,Officinal Magnolia Flower,厚樸花,hòupúhuā,hau5 pok3 faa1 ,Magnoliae Officinalis Flos,Qi-regulating medicinal,Dried flower bud of Magnolia officinalis Rehd. et Wils. or Magnolia officinalis Rehd. et Wils. var. biloba Rehd. et Wils. (Fam. Magnoliaceae),bitter; slightly warm,"Spleen, Stomach"
276,Ophicalcite,花蕊石,huārǔishí,faa1 jeoi5 sek6 ,Ophicalcitum,Stasis-resolving hemostatic medicinal,Serpentine marble of metamorphic group,"sour, astringent; neutral",Liver
277,Orange Fruit,枳殼,zhīké,? hok3 ,Aurantii Fructus,Qi-regulating medicinal,Dried ripe fruit of Citrus aurantium L. and its cultivated varieties (Fam. Rutaceae),"bitter, pungent, sour; warm","Spleen, Stomach"
278,Oriental Water Plantain Rhizome,澤瀉,zéxiè,zaak6 se3 ,Alismatis Rhizoma,Dampness-draining diuretic medicinal,Dried tuber of Alisma orientalis (Sam.) Juzep. (Fam. Alismataceae),sweet; cold,"Kidney, Bladder"
279,Oyster Shell,牡蠣,mǔlì,mau5 lai6 ,Ostreae Concha,Liver-pacifying and wind-extinguishing medicinal,"Shell of Ostrea gigas Thunberg, Ostrea talienwhanensis Crosse or Ostrea rivularis Gould (Fam. Osteridae)",salty; slightly cold,"Liver, Kidney, Gallbladder, Bladder"
280,Pagodatree Flower,槐花,huáihuā,waai4 faa1 ,Sophorae Flos,Blood-cooling hemostatic medicinal,Dried flower or flower bud of Sophora japonica L. (Fam. Leguminosae),bitter; slightly cold,"Liver, Large intestine"
281,Pale Butterflybush Flower,密蒙花,mìménghuā,mat6 mung4 faa1 ,Buddlejae Flos,Heat-clearing and fire-purging medicinal,Dried flower bud and its inflorescence of Buddleja officinalis Maxim. (Fam. Loganiaceae),sweet; slightly cold,Liver
282,Palmleaf Raspberrry Fruit,覆盆子,fùpénzǐ,fuk1 pun4 zi2 ,Rubi Fructus,Astringent medicinal,Dried ripe fruit of Rubus chingii Hu (Fam. Rosaceae),"sweet, sour; warm","Kidney, Bladder"
283,Paniculate Bolbostemma,土貝母,tǔbèimǔ,tou2 bui3 mou5 ,Bolbostematis Rhizoma,Heat-clearing and detoxicating medicinal,Dried tuber of Bolbostemma paniculatum (Maxim.) Franquet (Fam. Cucurbitaceae),bitter; slightly cold,"Lung, Spleen"
284,Paniculate Swallowwort Root,徐長卿,xúchángqīng,ceoi4 zoeng2 hing1 ,Cynanchi Paniculati Radix et Rhizoma,Wind-dampness-dispelling and cold-dispersing medicinal,Dried root and rhizome of Cymnanchum paniculatum (Bge.) Kitag. (Fam. Asclepiadaceae),pungent; warm,"Liver, Stomach"
285,Papermulberry Fruit,楮實子,chǔshízǐ,? sat6 zi2 ,Broussonetiae Fructus,Heat-clearing and fire-purging medicinal,Dried ripe fruit of Broussonetia papyrifera (L.) Vent. (Fam. Moraceae),sweet; cold,"Liver, Kidney"
286,Paris root,重樓,zhònglóu,zung6 lau4 ,Paridis Rhizoma,Heat-clearing and detoxicating medicinal,Dried rhizome of Paris polyphylla Smith var. yunnanensis (Franch.) Hand.-Mazz. or Paris polyphylla Smith var. chinensis (Franch.) Hara (Fam. Liliaceae),bitter; slightly cold; slightly toxic,Liver
287,Peach Seed,桃仁,táorén,tou4 jan4 ,Persicae Semen,Blood-activating menstruation regulating medicinal,Dried ripe seed of Prunus persica (L.) Batsch or Prunus davidiana (Carr.) Franch. (Fam. Rosaceae),"sweet, bitter; neutral","Liver, Heart, Large intestine"
288,Pepper Fruit,胡椒,hújiāo,wu4 ziu1 ,Piperis Fructus,Interior-warming medicinal,Dried ripe fruit-spike of Piper nigrum L. (Fam. Piperaceae),pungent; hot,"Stomach, Large intestine"
289,Peppermint,薄荷,bóhé,bok6 ho6 ,Menthae Herba,Wind-heat dispersing medicinal,Dried aerial part of Mentha haplocalyx Briq (Fam. Labiatae),pungent; cool,"Liver, Lung"
290,"Pepperweed Seed, Tansymustard Seed",葶藶子,tínglìzǐ,? ? zi2 ,"Lepidii Semen, Descurainiae Semen",Cough-suppressing and panting-calming medicinal,Dried ripe seed of Lepidium apetalum Willd. or Descurainia sophia (L.) Webb ex Prantl (Fam. Cruciferae),"pungent, bitter; strongly cold","Lung, Bladder"
291,Perilla Fruit,紫蘇子,zǐsūzǐ,zi2 sou1 zi2 ,Perillae Fructus,Cough-suppressing and panting-calming medicinal,Dried ripe fruit of Perilla frutescens (L.) Britt. (Fam. Labiatae),pungent; warm,Lung
292,Perilla leaf,紫蘇葉,zǐsūyè,zi2 sou1 jip6 ,Perillae Folium,Wind-cold-dispersing medicinal,Dried leaf (or bearing young branches) of Perilla frutescens (L.) Britt. (Fam. Labiatae),pungent; warm,"Spleen, Lung"
293,Perilla Stem,紫蘇梗,zǐsūgěng,zi2 sou1 gang2 ,Perillae Caulis,Qi-regulating medicinal,Dried stem of Perilla frutescens (L.) Britt. (Fam. Labiatae),pungent; warm,"Lung, Spleen"
294,Persimmon Calyx,柿蒂,shìdì,ci5 dai3 ,Kaki Calyx,Qi-regulating medicinal,Dried persistent calyx of Diospyros kaki Thunb. (Fam. Ebenaceae),"bitter, astringent; neutral",Stomach
295,Pharbitis Seed,牽牛子,qiānníuzǐ,hin1 ngau4 zi2 ,Pharbitidis Semen,Drastic (purgative) water-expelling medicinal,Dried ripe seed of Pharbitis nil (L.) Choisy or Pharbitis purpurea (L.) Voigt (Fam. Convolvulaceae),bitter; cold; toxic,"Lung, Kidney, Large intestine"
296,Pilose Antler,鹿茸,lùróng,luk6 jung4 ,Cervi Pantotrichum Cornu,Yang-tonifying medicinal,Young unossified hairy antler of male Cervus nippon Temminck or Cervus elaphus Linnaeus (Fam. Cervidae),"sweet, salty; warm","Liver, Kidney"
297,Pinellia Tuber,半夏,bànxià,bun3 haa6 ,Pinelliae Rhizoma,Phlegm resolving medicinal,Dried tuber of Pinellia ternata (Thunb.) Breit. (Fam. Araceae),pungent; warm; toxic,"Spleen, Lung, Stomach"
298,Pipewort Flower,穀精草,gǔjīngcǎo,guk1 zing1 cou2 ,Eriocauli Flos,Heat-clearing and fire-purging medicinal,Dried capitulum with peduncle of Eriocaulon buergerianum Koern. (Fam. Eriocaulaceae),"pungent, sweet; neutral","Liver, Lung"
299,Plantain Seed,車前子,chēqiánzǐ,ce1 cin4 zi2 ,Plantaginis Semen,Strangury-relieving diuretic medicinal,Dried ripe seed of Plantago asiatica L. or Plantago depressa Willd. (Fam. Plantaginaceae),sweet; slightly cold,"Liver, Kidney, Lung, Small intestine"
300,Platycodon Root,桔梗,jiégěng,gat1 gang2 ,Platycodonis Radix,Phlegm resolving medicinal,Dried root of Platycodon grandiflorum (Jacq.) A. DC. (Fam. Campanulaceae),"pungent, bitter; neutral",Lung
301,Plum Flower,梅花,méihuā,mui4 faa1 ,Mume Flos,Qi-regulating medicinal,Dried flower bud of Prunus mume (Sieb.) Sieb. et Zucc. (Fam. Rosaceae),"slightly sour, astringent; neutral","Liver, Stomach, Lung"
302,Pokeberry Root,商陸,shānglù,soeng1 luk6 ,Phytolaccae Radix,Drastic (purgative) water-expelling medicinal,Dried root of Phytolacca acinosa Roxb. or Phytolacca americana L. (Fam. Phytolaccaceae),bitter; cold; toxic,"Lung, Spleen, Kidney, Large intestine"
303,Pomegranate Rind,石榴皮,shílíupí,sek6 lau4 pei4 ,Granati Pericarpium,Astringent medicinal,Dried pericarp of Punica granatum L. (Fam. Punicaceae),"sour, astringent; warm",Large intestine
304,Prepared Common Monkshood Daughter Root,製附子,zhìfùzǐ,zai3 fu6 zi2 ,Aconiti Lateralis Praeparata Radix,Interior-warming medicinal,Processed daughter root of Aconitum carmichaeli Debx. (Fam. Ranunculaceae),"pungent, sweet; strongly hot; toxic","Heart, Kidney, Spleen"
305,Prepared Common Monkshood Mother Root,製川烏,zhìchuānwū,zai3 cyun1 wu1 ,Aconiti Praeparata Radix,Wind-dampness-dispelling and cold-dispersing medicinal,Processed mother root of Aconitum carmichaeli Debx. (Fam. Ranunculaceae),"pungent, bitter; hot; toxic","Heart, Liver, Kidney, Spleen"
306,Prepared Dried Ginger,炮薑,pàojiāng,paau3 goeng1 ,Zingiberis Praeparatum Rhizoma,Meridian-warming hemostatic medicinal,Scald the dried Ginger with sand,pungent; hot,"Spleen, Stomach, Kidney, Heart, Lung"
307,Prepared Fleeceflower Root,製何首烏,zhìhéshǒuwū,zai3 ho4 sau2 wu1 ,Polygoni Multiflori Praeparata Radix,Blood-tonifying medicinal,Dried prepared root of Polygonum multiflorum Thunb. (Fam. Polygonaceae),"bitter, sweet, astringent; warm","Liver, Heart, Kidney"
308,Prepared Liquorice Root,炙甘草,zhìgāncǎo,zik3 zek3 gam1 cou2 ,Glycyrrhizae Praeparata cum Melle Radix et Rhizoma,Qi-tonifying medicinal,"Processed and dried root and rhizome of Glycyrrhiza uralensis Fish., Glycyrrhiza inflata Bat. or Glycyrrhiza glabra L. (Fam. Leguminosae)",sweet; neutral,"Heart, Lung, Spleen, Stomach"
309,Prepared Milkvetch Root,炙黃芪,zhìhuángqí,zik3 zek3 wong4 ? ,Astragali praeparata cum Melle Radix,Qi-tonifying medicinal,Prepared dired root of Astragalus membranaceus (Fisch.) Bge. var. mongholicus (Bge.) Hsiao or Astragalus membranaceus (Fisch.) Bge. (Fam. Leguminosae),sweet; warm,"Lung, Spleen"
310,Prepared Rehmannia Root,熟地黃,shúdìhuáng,suk6 dei6 wong4 ,Rehmanniae Praeparata Radix,Blood-tonifying medicinal,Prepared dried root tuber of Rehmannia glutinosa Libosch. (Fam. Scrophulariaceae),sweet; slightly warm,"Liver, Kidney"
311,Pricklyash Peel,花椒,huājiāo,faa1 ziu1 ,Zanthoxyli Pericarpium,Interior-warming medicinal,Dried pericarp of ripe fruit of Zanthoxylum schinifolium Sieb. et. Zucc. or Zanthoxylum bungeanum Maxim. (Fam. Rutaceae),pungent; warm,"Spleen, Stomach, Kidney"
312,Prince's-feather Fruit,水紅花子,shǔihónghuāzǐ,seoi2 hung4 faa1 zi2 ,Polygoni Orientalis Fructus,Blood-breaking mass eliminating medicinal,Dried ripe fruit of Polygonum orientale L. (Fam. Polygonaceae),salty; slightly cold,"Liver, Stomach"
313,Puff-ball,馬勃,mǎbó,maa5 but6 ,Lasiosphaera Seu Calvatia,Heat-clearing and detoxicating medicinal,"Dried sporophore of Lasiosphaera fenzlii Reich., Calvatia gigantea (Batsch ex Pers.) Lloyd or Calvatia lilacina (Mont. Et Berk.) Lloyd (Fam. Lycoperdaceae)",pungent; neutral,Lung
314,Puncturevine Caltrop Fruit,蒺藜,jílí,? lai4 ,Tribuli Fructus,Liver-pacifying and wind-extinguishing medicinal,Dried ripe fruit of Tribulus terrestris L. (Fam. Zygophyllaceae),"pungent, bitter; slightly warm",Liver
315,Purslane Herb,馬齒莧,mǎchǐxiàn,maa5 ci2 jin6 ,Portulacae Herba,Heat-clearing and detoxicating medicinal,Dried aerial part of Portulaca oleracea L. (Fam. Portulacaceae),sour; cold,"Liver, Large intestine"
316,Pyrola Herb,鹿銜草,lùxiáncǎo,luk6 haam4 cou2 ,Pyrolae Herba,Wind-dampness-dispelling and strenghten tendon and bone medicinal,Dried herb of Pyrola calliantha H. Andres or Pyrola decorata H. Andres (Fam. Pyrolaceae),"sweet, bitter; warm","Liver, Kidney"
317,Radde Anemone Rhizome,兩頭尖,liǎngtóujiān,loeng5 tau4 zim1 ,Anemones Raddeanae Rhizoma,Wind-dampness-dispelling and cold-dispersing medicinal,Dried rhizome of Anemone raddeana Regel (Fam. Ranunculaceae),pungent; warm; toxic,Spleen
318,Radish Seed,萊菔子,láifúzǐ,loi4 ? zi2 ,Raphani Semen,Digestant medicinal,Dried ripe seed of Raphanus sativus L. (Fam. Cruciferae),"pungent, sweet; neutral","Spleen, Lung, Stomach"
319,Rangooncreeper Fruit,使君子,shǐjūnzǐ,si3 gwan1 zi2 ,Quisqualis Fructus,Worm-expelling medicinal,Dried ripe fruit of Quisqualis indica L. (Fam. Combretaceae),sweet; warm,"Spleen, Stomach"
320,Red Ginseng,紅參,hóngcān,hung4 sam1 ,Ginseng Rubra Radix,Qi-tonifying medicinal,Dried steamed and dried root of cultivar of Panax ginseng C.A. Mey. (Fam. Araliaceae),"slightly bitter, sweet; warm","Heart, Spleen, Lung"
321,Red Halloysite,赤石脂,chìshízhī,cek3 sek6 zi1 ,Rubrum Halloysitum,Astringent medicinal,"Mineral of silicates of polyhydrate kaolinite group, containing mainly hydrated aluminium silicate [Al4(Si4O10)(OH)8‧4H2O]","sweet, sour, astringent; warm","Stomach, Large intestine"
322,Red Peony Root,赤芍,chìsháo,cek3 ? ,Paeoniae Rubra Radix,Heat-clearing and blood-cooling medicinal,Dried root of Paeonia lactiflora Pall. or Paeonia veitchii Lynch (Fam. Ranunculaceae),bitter; slightly cold,Liver
323,Red Tangerine Peel,橘紅,júhóng,gwat1 hung4 ,Citri Reticulatae Exocarpium,Qi-regulating medicinal,Dried exocarp of Citrus reticulata Blanco (Fam. Rutaceae),"pungent, bitter; warm","Lung, Spleen"
324,Reed Rhizome,蘆根,lúgēn,lou4 gan1 ,Phragmitis Rhizoma,Heat-clearing and fire-purging medicinal,Fresh or dried rhizome of Phragmites communis Trin. (Fam. Gramineae),sweet; cold,"Lung, Stomach"
325,Rehmannia Root,地黃,dìhuáng,dei6 wong4 ,Rehmanniae Radix,Heat-clearing and blood-cooling medicinal,Dried root tuber of Rehmannia glutinosa Libosch. (Fam. Scrophulariaceae),sweet; cold,"Liver, Heart, Kidney"
326,Rhubarb,大黃,dàhuáng,daai6 wong4 ,Rhei Radix et Rhizoma,Induce catharsis medicinal,"Dried root and rhizome of Rheum palmatum L., Rheum tanguticum Maxim. ex Balf. or Rheum officinale Baill. (Fam. Polygonaceae)",bitter; cold,"Liver, Spleen, Pericardium, Stomach, Large intestine"
327,Ricepaperplant Pith,通草,tōngcǎo,tung1 cou2 ,Tetrapanacis Medulla,Strangury-relieving diuretic medicinal,Dried stem pith of Tetrapanax papyriferus (Hook.) K. Koch (Fam. Araliaceae),"sweet, bland; slightly cold","Lung, Stomach"
328,Rose Flower,玫瑰花,méigūihuā,mui4 gwai3 faa1 ,Rosae Rugosae Flos,Qi-regulating medicinal,Dried flower bud of Rosa rugosa Thunb. (Fam. Rosaceae),"sweet, slightly bitter; warm","Liver, Spleen"
329,Rosewood,降香,jiàngxiāng,hong4 hoeng1 ,Dalbergiae Odoriferae Lignum,Stasis-resolving hemostatic medicinal,Dried heart wood of trunk and root of Dalbergia odorifera T. Chen (Fam. Leguminosae),pungent; warm,"Liver, Spleen"
330,Round Cardamon Fruit,豆蔻,dòukòu,dau6 dau2 kau3 ,Amomi Rotundus Fructus,Dampness-resolving medicinal,Dried ripe fruit of Amomum kravanh Pierre ex Gagnep. or Amomum compactum Soland ex Maton (Fam. Zingiberaceae),pungent; warm,"Spleen, Lung, Stomach"
331,Safflower,紅花,hónghuā,hung4 faa1 ,Carthami Flos,Blood-activating menstruation regulating medicinal,Dried flower of Carthamus tinctorius L. (Fam. Compostiae),pungent; warm,"Liver, Heart"
332,Saffron,西紅花,xīhónghuā,sai1 hung4 faa1 ,Croci Stigma,Blood-activating menstruation regulating medicinal,Dried stigma of Crocus sativus L. (Fam. Iridaceae),sweet; neutral,"Liver, Heart"
333,SanQi,三七,sānqī,saam3 cat1 ,Notoginseng Radix et Rhizoma,Stasis-resolving hemostatic medicinal,Dried root and rhizome of Panax notoginseng (Burk.) F.H. Chen (Fam. Araliaceae),"slightly bitter, sweet; warm","Liver, Stomach"
334,Sappan Wood,蘇木,sūmù,sou1 muk6 ,Sappan Lignum,Blood-activating trauma-curing medicinal,Dried heart wood of trunk of Caesalpinia sappan L. (Fam. Leguminosae),"sweet, salty; neutral","Heart, Liver, Spleen"
335,Sargentgloryvine Stem,大血藤,dàxiěténg,daai6 hyut3 tang4 ,Sargentodoxae Caulis,Heat-clearing and detoxicating medicinal,Dried lianoid stem of Sargentodoxa cuneata (Oliv.) Rehd. et Wils. (Fam. Lardizabalaceae),bitter; neutral,"Large intestine, Liver"
336,Scorpion,全蠍,quánxiē,cyun4 hit3 ,Scorpio,Liver-pacifying and wind-extinguishing medicinal,Dried body of Buthus martensii Karsch (Fam. Buthidae),pungent; neutral; toxic,Liver
337,Seaweed,海藻,hǎizǎo,hoi2 zou2 ,Sargassum,Phlegm resolving medicinal,Dried alga of Sargassum pallidum (Turn.) C. Ag. or Sargassum fusiforme (Harv.) Setch. (Fam. Sargassaceae),"bitter, salty; cold","Liver, Kidney, Stomach"
338,Senna Leaf,番瀉葉,fānxièyè,pun1 se3 jip6 ,Sennae Folium,Induce catharsis medicinal,Dried leaflet of Cassia angustifolia Vahl or Cassia acutfolia Delile (Fam. Leguminosae),"sweet, bitter; cold",Large intestine
339,Sevenlobed Yam Rhizome,綿萆薢,miánpìjiē,min4 ? ? ,Dioscoreae Septemlobae Rhizoma,Strangury-relieving diuretic medicinal,Dried rhizome of Dioscorea septemloba Thunb. or Dioscorea futschauensis Uline ex R. Kunth (Fam. Dioscoreaceae),bitter; neutral,"Kidney, Stomach"
340,Sharpleaf Glangal Fruit,益智,yìzhì,jik1 zi3 ,Alpiniae Oxyphyllae Fructus,Yang-tonifying medicinal,Dried ripe fruit of Alpinia oxyphylla Miq. (Fam. Zingiberaceae),pungent; warm,"Spleen, Kidney"
341,Shearer's Pyrrosia Leaf,石韋,shíwéi,sek6 wai5 ,Pyrrosiae Folium,Strangury-relieving diuretic medicinal,"Dried leaf of Pyrrosia sheareri (Bak.) Ching, Pyrrosia lingua (Thunb.) Farwell or Pyrrosia petiolosa (Christ) Ching (Fam. Polypodiaceae)","sweet, bitter; slightly cold","Lung, Bladder"
342,Shinyleaf Pricklyash Root,兩面針,liǎngmiànzhēn,loeng5 min6 zam1 ,Zanthoxyli Radix,Blood-activating analgesic medicinal,Dried root of Zanthoxylum nitidum (Roxb.) DC. (Fam. Rutaceae),"bitter, pungent; neutral; slightly toxic","Liver, Stomach"
343,Shrub Chastetree Fruit,蔓荊子,mànjīngzǐ,maan6 ging1 zi2 ,Viticis Fructus,Wind-heat dispersing medicinal,Dried ripe fruit of Vitex trifolia L. var. simplicifolia Cham. or Vitex trifolia L. (Fam. Verbenaceae),"pungent, bitter; slightly cold","Bladder, Liver, Stomach"
344,Siberian Cocklebur Fruit,蒼耳子,cāngěrzǐ,cong1 ji5 zi2 ,Xanthii Fructus,Wind-cold-dispersing medicinal,Dried ripe bur with involucre of Xanthium sibiricum Patr. (Fam. Compositae),"pungent, bitter; warm; toxic",Lung
345,Siegesbeckia Herb,豨薟草,xīliǎncǎo,? ? cou2 ,Siegesbeckiae Herba,Wind-dampness-dispelling and heat-clearing medicinal,"Dried aerial part of Siegesbeckia orientalis L., Siegesbeckia pubescens Makino or Siegesbeckia glabrescens Makino (Fam. Compositae)","pungent, bitter; cold","Liver, Kidney"
346,Silktree Albizia Bark,合歡皮,héhuānpí,hap6 fun1 pei4 ,Albiziae Cortex,Heart-nourishing tranquillizing medicinal,Dried stem bark of Albizia julibrissin Durazz. (Fam. Leguminosae),sweet; neutral,"Liver, Heart, Lung"
347,Slenderstyle Acanthopanax Bark,五加皮,wǔjiāpí,ng5 gaa1 pei4 ,Acanthopanacis Cortex,Wind-dampness-dispelling and strenghten tendon and bone medicinal,Dried root bark of Acanthopanax gracilistylus W. W. Smith (Fam. Araliaceae),"pungent, bitter; warm","Liver, Kidney"
348,Small Centipeda Herb,鵝不食草,ébùshícǎo,ngo4 bat1 sik6 cou2 ,Centipedae Herba,Wind-cold-dispersing medicinal,Dried herb of Centipeda minima (L.) A. Br. et Aschers (Fam. Compositae),pungent; warm,"Lung, Liver"
349,Smoked Plum,烏梅,wūméi,wu1 mui4 ,Mume Fructus,Astringent medicinal,Dried ripe fruit of Prunus mume (Sieb.) Sieb. et Zucc. (Fam. Rosaceae),"astringent, sour; neutral","Liver, Spleen, Lung, Large intestine"
350,Snake Slough,蛇蛻,shétùi,se4 teoi3 ,Serpentis Periostracum,Dry dampness relieve itching and kill worms medicinal,"Dried epidermal membrance of Elaphe taeniura Cope, Elaphe carinata (Guenther) or Zoaocys dhumnades (Cantor) (Fam. Colubridae)","salty, sweet; neutral",Liver
351,Snakegourd Fruit,瓜蔞,guālóu,gwaa1 ? ,Trichosanthis Fructus,Phlegm resolving medicinal,Dried fruit of Trichosanthes kirilowii Maxim. or Trichosanthes rosthornii Harms (Fam. Cucurbitaceae),"sweet, slightly bitter; cold","Lung, Stomach, Large intestine"
352,Snakegourd Root,天花粉,tiānhuāfěn,tin1 faa1 fan2 ,Trichosanthis Radix,Heat-clearing and fire-purging medicinal,Dried root of Trichosanthes kirilowii Maxim. or Trichosanthes rosthornii Harms (Fam. Cucurbitaceae),"sweet, slightly bitter; slightly cold","Lung, Stomach"
353,Snow Lotus Herb,天山雪蓮,tiānshānxuělián,tin1 saan1 syut3 lin4 ,Saussureae Involucratae Herba,Blood-activating menstruation regulating medicinal,Dried aerial part of Saussurea involucrate (Kar. et Kir.) Sch. Bip. (Fam. Compositae),slightly bitter; warm,"Liver, Spleen, Kidney"
354,Snowbellleaf Tickclover Herb,廣金錢草,guǎngjīnqiáncǎo,gwong2 gam1 cin4 cou2 ,Desmodii Styracifolii Herba,Dampness-draining anti-icteric medicinal,Dried aerial part of Desmodium stryracifolium (Osb.) Merr. (Fam. Leguminosae),"sweet, bland; cool","Liver, Kidney, Bladder"
355,Sodium Sulfate,芒硝,mángxiāo,mong4 siu1 ,Natrii Sulfas,Induce catharsis medicinal,"Crystalline substance purified from a mineral of sulfates of Glauber's salts group, containing mainly hydrated sodium sulfate (Na2SO4‧10H2O)","salty, bitter; cold","Stomach, Large intestine"
356,Solomonseal Rhizome,黃精,huángjīng,wong4 zing1 ,Polygonati Rhizoma,Yin-tonifying medicinal,"Dried rhizome of Polygonatum kingianum Coll. et Hemsl., Polygonatum sibirium Red. or Polygonatum cyrtonema Hua (Fam. Liliaceae)",sweet; neutral,"Spleen, Lung, Kidney"
357,Songaria Cynomorium Herb,鎖陽,suǒyáng,so2 joeng4 ,Cynomorii Herba,Yang-tonifying medicinal,Dried fleshy stem of Cynomoerium songaricum Rupr. (Fam. Cynomoriaceae),sweet; warm,"Spleen, Kidney, Large intestine"
358,Spikemoss,卷柏,juànbǎi,gyun2 paak3 ,Selaginellae Herba,Blood-activating menstruation regulating medicinal,Dried herb of Selaginella tamariscina (Beauv.) Spring or Selaginella pulvinata (Hook. et Grev.) Maxim. (Fam. Selaginellaceae),pungent; neutral,"Liver, Heart"
359,Spine Date Seed,酸棗仁,suānzǎorén,syun1 zou2 jan4 ,Ziziphi Spinosae Semen,Heart-nourishing tranquillizing medicinal,Dried ripe seed of Ziziphus jujuba Mill. var. spinosa (Bunge) Hu ex H.F. Chou (Fam. Rhamnaceae),"sweet, sour; neutral","Liver, Gallbladder, Heart"
360,Stachyurus Pith,小通草,xiǎotōngcǎo,siu2 tung1 cou2 ,Stachyur Medulla,Strangury-relieving diuretic medicinal,Dried stem pith of Stachyurus himalaicus Hook. f. et Thoms. or Stachyurus chinensis Franch. (Fam. Stachyuraceae),"sweet, bland; cold","Lung, Stomach"
361,Starwort Root,銀柴胡,yíncháihú,ngan4 caai4 wu4 ,Stellariae Radix,Deficiency heat-clearing medicinal,Dried root of Stellaria dichotoma L. var. lanceolata Bge. (Fam. Caryophyllaceae),sweet; slightly cold,"Liver, Stomach"
362,Stemona Root,百部,bǎibù,baak3 bou6 ,Stemonae Radix,Cough-suppressing and panting-calming medicinal,"Dried root tuber of Stemona sessilifolia (Miq.) Miq., Stemona japonica (Bl.) Miq. or Stemona tuberosa Lour. (Fam. Stemonaceae)","sweet, bitter; slightly warm",Lung
363,Stiff Silkworm,僵蠶,jiāngcán,goeng1 caam4 ,Batryticatus Bombyx,Liver-pacifying and wind-extinguishing medicinal,Dried body of the 4-5 stage larva of Bombyx mori Linnaeus. (Fam. Bombycidae) died of infection (or artificial infection) of Beauveria bassiana (Bals.) Vuillant,"pungent, salty; neutral","Liver, Lung, Stomach"
364,Stringy Stonecrop Herb,垂盆草,chúipéncǎo,seoi4 pun4 cou2 ,Sedi Herba,Dampness-draining anti-icteric medicinal,Fresh or dried herb of Sedum sarmentosum Bunge (Fam. Crassulaceae),"sweet, bland; cool","Liver, Gallbladder, Small intestine"
365,Strink-bug,九香蟲,jǐuxiāngchóng,gau2 hoeng1 cung4 ,Aspongopus,Qi-regulating medicinal,Dried body of Aspongopus chinensis Dallas (Fam. Pentatomidae),salty; warm,"Liver, Spleen, Kidney"
366,Suberect Spatholobus Stem,雞血藤,jīxiěténg,gai1 hyut3 tang4 ,Spatholobi Caulis,Blood-activating menstruation regulating medicinal,Dried lianoid stem of Spatholobus suberectus Dunn (Fam. Leguminosae),"bitter, sweet; warm","Liver, Kidney"
367,Sweet Wormwood Herb,青蒿,qīnghāo,cing1 ceng1 hou1 ,Artemisiae Annuae Herba,Deficiency heat-clearing medicinal,Dried aerial part of Artemisia annus L. (Fam. Compostae),"bitter, pungent; cold","Liver, Gallbladder"
368,Szechwan Lovage Rhizome,川芎,chuānqiōng,cyun1 ? ,Chuanxiong Rhizoma,Blood-activating analgesic medicinal,Dried rhizome of Ligusticum chuanxiong Hort. (Fam. Umbelliferae),pungent; warm,"Liver, Pericardium, Gallbladder"
369,Szechwan Chinaberry Fruit,川楝子,chuānliànzǐ,cyun1 ? zi2 ,Toosendan Fructus,Qi-regulating medicinal,Dried ripe fruit of Melia toosendan Sieb. et Zucc. (Fam. Meliaceae),bitter; cold; toxic,"Liver, Small intestine, Bladder"
370,Tabasheer,天竺黃,tiānzhúhuáng,tin1 zuk1 wong4 ,Bambusae Concretio Silicea,Phlegm resolving medicinal,Dried masses of secretion in stem of Bambusa testilis McClure or Schizostachyum chinense Rendle (Fam. Gramineae),sweet; cold,"Heart, Liver"
371,Talc Powder,滑石粉,huáshífěn,waat6 sek6 fan2 ,Talci Pulvis,Strangury-relieving diuretic medicinal,"Prepared from mineral of silicates of talcum group, containing mainly hydrated magnesium silicate [Mg3(Si4O10)(OH)3] by sorting, cleaning, pulverizing and drying","sweet, bland; cold","Lung, Stomach, Bladder"
372,Talc,滑石,huáshí,waat6 sek6 ,Talcum,Strangury-relieving diuretic medicinal,"Mineral of silicates of talcum group, containing mainly hydrated magnesium silicate [Mg3(Si4O10)(OH)2]","sweet, bland; cold","Bladder, Lung, Stomach"
373,Tall Gastrodia Tuber,天麻,tiānmá,tin1 maa4 ,Gastrodiae Rhizoma,Liver-pacifying and wind-extinguishing medicinal,Dried tuber of Gastrodia elata Bl. (Fam. Orchidaceae),sweet; neutral,Liver
374,Tangerine seed,橘核,júhé,gwat1 hat6 wat6 ,Citri Reticulatae Semen,Qi-regulating medicinal,Dried ripe seed of Citrus reticulata Blanco (Fam. Rutaceae),bitter; neutral,"Liver, Kidney"
375,Tangshen,黨參,dǎngcān,dong2 sam1 ,Codonopsis Radix,Qi-tonifying medicinal,"Dried root of Codonpsis pilosula (Franch.) Nannf., Codonopsis pilosula Nannf. var. modesta (Nannf.) L. T. Shen or Codonopsis tangshen Oliv. (Fam. Campanulaceae)",sweet; neutral,"Spleen, Lung"
376,Tatarian Aster Root,紫菀,zǐwǎn,zi2 jyun2 ,Asteris Radix et Rhizoma,Cough-suppressing and panting-calming medicinal,Dried root and rhizome of Aster tataricus L.f. (Fam. Compositae),bitter; warm,Lung
377,Tendrilleaf Fritillary Bulb,川貝母,chuānbèimǔ,cyun1 bui3 mou5 ,Fritillariae Cirrhosae Bulbus,Phlegm resolving medicinal,"Dried bulb of Fritillaria cirrhosa D. Don, i Hsiao et K.C. Hsia, Fritillaria przewalskii Maxim. or i Franch. (Fam. Liliaceae)","bitter, sweet; slightly cold","Lung, Heart"
378,Testudinis Carapax et Plastrum,龜甲,gūijiǎ,gwai1 gaap3 ,Tortoise Carapace and Plastron,Yin-tonifying medicinal,Carapace and plastron of Chinemys reevesii (Gray) (Fam. Emydidae),"sweet, salty; slightly cold","Liver, Heart, Kidney"
379,Thinleaf Milkwort Root,遠志,yuǎnzhì,jyun6 jyun5 zi3 ,Polygalae Radix,Heart-nourishing tranquillizing medicinal,Dried root of Polygala tenuifolia Willd. or Polygala sibirica L. (Fam. Polygalaceae),"bitter, pungent; warm","Heart, Kidney, Lung"
380,Thomson Kudzuvine root,粉葛根,fěngégēn,fan2 got3 gan1 ,Puerariae Thomsonii Radix,Wind-heat dispersing medicinal,Dried root of Pueraria thomsonii Benth. (Fam. Leguminosae),"sweet, pungent; cool","Spleen, Stomach"
381,Thunberg Fritillary Bulb,浙貝母,zhèbèimǔ,zit3 bui3 mou5 ,Fritillariae Thunbergii Bulbus,Phlegm resolving medicinal,Dried bulb of Fritillaria thunbergii Miq. (Fam. Liliaceae),bitter; cold,"Heart, Lung"
382,Tinospora Root,金果欖,jīnguǒlǎn,gam1 gwo2 laam5 ,Tinosporae Radix,Heat-clearing and detoxicating medicinal,Dried root tuber of Tinospora sagittata (Oliv.) Gagnep. or Tinospora capillipes Gapnep. (Fam. Menispermaceae),bitter; cold,"Lung, Large intestine"
383,Tokay Gecko,蛤蚧,hájiè,haa4 gaai2 gwaai2 ,Gecko,Yang-tonifying medicinal,Dried body of Gekko gecko Linnaeus (Fam. Gekkonidae),salty; neutral,"Lung, Kidney"
384,Tokyo Violet Herb,紫花地丁,zǐhuādìdīng,zi2 faa1 dei6 ding1 ,Violae Herba,Heat-clearing and detoxicating medicinal,Dried herb of Viola yedoensis Makino (Fam. Violaceae),"bitter, pungent; cold","Heart, Liver"
385,Tree Peony Bark,牡丹皮,mǔdānpí,mau5 daan1 pei4 ,Moutan Cortex,Heat-clearing and blood-cooling medicinal,Dried root bark of Paeonia suffruticosa Andr. (Fam. Ranunculaceae),"pungent, bitter; slightly cold","Liver, Heart, Kidney"
386,Trogopterus Dung,五靈脂,wǔlíngzhī,ng5 ling4 zi1 ,Trogopteri Faeces,Blood-activating analgesic medicinal,Dried faeces of Trogopterus xanthipes Milne-Edwards (Fam. Sciuridae),"bitter, sweet; warm","Liver, Spleen"
387,Trumpetcreeper Flower,凌霄花,língxiāohuā,ling4 siu1 faa1 ,Campsis Flos,Blood-activating menstruation regulating medicinal,Dried flower of Campsis grandiflora (Thunb.) K. Schum. or Campsis radicans (L.) Seem. (Fam. Bignoniaceae),"sweet, sour; cold","Liver, Pericardium"
388,Tuber Fleeceflower Stem,首烏藤,shǒuwūténg,sau2 wu1 tang4 ,Polygoni Multiflori Caulis,Heart-nourishing tranquillizing medicinal,Dried lianoid stem of Polygonum multiflorum Thunb. (Fam. Polygonaceae),sweet; neutral,"Heart, Liver"
389,Tuber Onion Seed,韭菜子,jǐucàizǐ,gau2 coi3 zi2 ,Allii Tuberosi Semen,Yang-tonifying medicinal,Dried ripe seed of Allium tuberosum Rottl. (Fam. Liliaceae),"pungent, sweet; warm","Liver, Kidney"
390,Turmeric Root Tuber,鬱金,yùjīn,wat1 gam1 ,Curcumae Radix,Blood-activating analgesic medicinal,"Dried root tuber Curcuma wenyujin Y.H. Chen et C. Ling, Curcuma longa L., Curcuma kwangsiensis S.G. Lee et C.F. Liang or Curcuma phaeocaulis Val. (Fam. Zingiberaceae)","pungent, bitter; cold","Liver, Heart, Lung"
391,Turmeric,薑黃,jiānghuáng,goeng1 wong4 ,Curcumae Longae Rhizoma,Blood-activating analgesic medicinal,Dried rhizome of Curcuma longa L. (Fam. Zingiberaceae),"pungent, bitter; warm","Liver, Spleen"
392,Turtle Carapace,鱉甲,biējiǎ,bit3 gaap3 ,Trionycis Carapax,Yin-tonifying medicinal,Carapace of Trionyx sinensis Wiegmann (Fam. Trionychidae),salty; slightly cold,"Liver, Kidney"
393,Twotoothed Achyranthes Root,牛膝,níuxī,ngau4 sat1 ,Achyranthis Bidentatae Radix,Blood-activating menstruation regulating medicinal,Dried root of Achyranthes bidentata Bl. (Fam. Amaranthaceae),"bitter, sour; neutral","Liver, Kidney"
394,Ussuri Fritillary Bulb,平貝母,píngbèimǔ,ping4 bui3 mou5 ,Fritillariae Ussuriensis Bulbus,Phlegm resolving medicinal,Dried bulb of Fritillaria ussuriensis Maxim. (Fam. Liliaceae),"bitter, sweet; slightly cold","Lung, Heart"
395,Vietnamese Sophora Root,山豆根,shāndòugēn,saan1 dau6 dau2 gan1 ,Sophorae Tonkinensis Radix et Rhizoma,Heat-clearing and detoxicating medicinal,Dried root and rhizome of Sophora tonkinensis Gagnap. (Fam. Leguminosae),bitter; cold; toxic,"Lung, Stomach"
396,Villous Amomum Fruit,砂仁,shārén,saa1 jan4 ,Amomi Fructus,Dampness-resolving medicinal,"Dried ripe fruit of Amomum villosum Lour., Amomum villosum Lour. var . xanthioides T. L. Wu et Senjen or Amomum longiligulare T. L. Wu (Fam. Zingiberaceae)",pungent; warm,"Spleen, Stomach, Kidney"
397,Virgate Wormwood Herb,茵陳,yīnchén,jan1 can4 ,Artemisiae Scopariae Herba,Dampness-draining anti-icteric medicinal,Dried aerial part of Arthemisia scoparia Waldst. et Kit. or Artemisia capillaris Thunb. (Fam. Compositae),"bitter, pungent; slightly cold","Spleen, Stomach, Liver, Gallbladder"
398,Weeping Forsythia Capsule,連翹,liánqiáo,lin4 kiu4 ,Forsythiae Fructus,Heat-clearing and detoxicating medicinal,Dried fruit of Forsythia suspensa (Thunb.) Vahl (Fam. Oleaceae),bitter; slightly cold,"Heart, Lung, Small intestine"
399,White Hyacinth Bean,白扁豆,báibiǎndòu,baak6 pin1 dau6 dau2 ,Lablab Album Semen,Qi-tonifying medicinal,Dried ripe seed of Dolichos alblab L. (Fam. Leguminosae),sweet; slightly warm,"Spleen, Stomach"
400,White Mulberry Root-bark,桑白皮,sāngbáipí,song1 baak6 pei4 ,Mori Cortex,Cough-suppressing and panting-calming medicinal,Dried root bark of Mori alba L. (Fam. Moraceae),sweet; cold,Lung
401,White Peony Root,白芍,báisháo,baak6 ? ,Paeoniae Alba Radix,Blood-tonifying medicinal,Dried root of Paeonia lactiflora Pall. (Fam. Ranunculaceae),"bitter, sour;","Liver, Spleen"
402,Wild Chrysanthemum Flower,野菊花,yějúhuā,je5 guk1 faa1 ,Chrysanthemi Indici Flos,Heat-clearing and detoxicating medicinal,Dried capitulum of Chrysanthemum indicum L. (Fam. Compositae),"bitter, pungent; slightly cold","Liver, Heart"
403,Willowleaf Swallowwort Rhizome,白前,báiqián,baak6 cin4 ,Cynanchi Stauntonii Rhizoma et Radix,Phlegm resolving medicinal,Dried rhizome and root of Cynanchum stauntonii (Decne.) Schltr. ex Lévl. or Cynanchum glaucescens (Decne.) Hand.-Mazz. (Fam. Asclepiadaceae),"pungent, bitter; slightly warm",Lung
404,Yangusuo,延胡索,yánhúsuǒ,jin4 wu4 sok3 ,Corydalis Rhizoma,Blood-activating analgesic medicinal,Dried tuber of Cordalis yanhusuo W.T. Wang (Fam. Papaveraceae),"pungent, bitter; warm","Liver, Spleen"
405,Yerbadetajo Herb,墨旱蓮,mòhànlián,mak6 hon5 lin4 ,Ecliptae Herba,Yin-tonifying medicinal,Dried aerial part of Eclipta prostrata L. (Fam. Compositae),"sweet, sour; cold","Liver, Kidney"
406,Zedoray Rhizome,莪朮,éshù,ngo4 ? ,Curcumae Rhizoma,Blood-breaking mass eliminating medicinal,"Dried rhizome of Curcuma phaeocaulis Val., Curuma kwangsiensis S.G. Lee et C.F. Liang or Curcuma wenyujin Y.H. Chen et C. Ling (Fam. Zingiberaceae)","pungent, bitter; warm","Liver, Spleen"
407,Zingiber (Dried Ginger),乾薑,gānjiāng,kin4 goeng1 ,Zingiberis Rhizoma,Interior-warming medicinal,Dried rhizome of Zingiber officinale (Willd.) Rosc. (Fam. Zingiberaceae),pungent; hot,"Heart, Lung, Kidney, Stomach"
